資料日,洗盤支持度,分類,可得滿分,覆蓋率狀態,W1 三日法人累計,W2 回檔量與市場廣度,W3 K線與支撐結構,W4 融資籌碼清洗,W5 期貨與選擇權,W6 法人別一致性,W7 近一至三日重新站回
2026-08-07,,未出分,46.0,insufficient,,5.0,4.0,2.0,3.0,0.0,0.0
2026-08-10,60,中性待確認,67.0,provisional,,16.0,6.0,0.0,6.0,10.0,2.0
2026-08-11,75,偏洗盤,87.0,confirmed,15.0,14.0,10.0,9.0,7.0,10.0,0.0
2026-08-12,73,偏洗盤,95.0,confirmed,15.0,13.0,10.0,2.0,9.0,10.0,10.0
2026-08-13,69,偏洗盤,100.0,confirmed,15.0,18.0,11.0,5.0,7.0,5.0,8.0
2026-08-14,54,中性待確認,100.0,confirmed,17.0,2.0,5.0,12.0,7.0,5.0,6.0
2026-08-17,61,中性待確認,100.0,confirmed,15.0,17.0,7.0,2.0,7.0,5.0,8.0
2026-08-18,33,偏派發／風險釋放,100.0,confirmed,11.0,0.0,0.0,12.0,7.0,3.0,0.0
2026-08-19,37,偏派發／風險釋放,100.0,confirmed,3.0,16.0,6.0,5.0,7.0,0.0,0.0
2026-08-20,40,中性待確認,100.0,confirmed,1.0,13.0,8.0,5.0,5.0,3.0,5.0
2026-08-21,62,中性待確認,100.0,confirmed,3.0,13.0,12.857142857142858,9.0,6.0,10.0,8.0
2026-08-24,46,中性待確認,100.0,confirmed,11.0,14.0,0.0,9.0,6.0,3.0,3.0
2026-08-25,58,中性待確認,100.0,confirmed,11.0,16.0,12.857142857142858,5.0,4.0,3.0,6.0
2026-08-26,73,偏洗盤,100.0,confirmed,13.0,18.0,15.0,0.0,7.0,10.0,10.0
2026-08-27,48,中性待確認,100.0,confirmed,13.0,5.0,7.0,2.0,6.0,5.0,10.0
2026-08-28,64,中性待確認,100.0,confirmed,17.0,16.0,11.0,0.0,7.0,5.0,8.0
2026-08-31,47,中性待確認,100.0,confirmed,13.0,2.0,15.0,5.0,6.0,0.0,6.0
2026-09-01,72,偏洗盤,100.0,confirmed,15.0,13.0,15.0,0.0,9.0,10.0,10.0
2026-09-02,28,偏派發／風險釋放,100.0,confirmed,5.0,16.0,2.142857142857143,0.0,2.0,0.0,3.0
2026-09-03,31,偏派發／風險釋放,100.0,confirmed,3.0,0.0,3.0,15.0,7.0,3.0,0.0
2026-09-04,47,中性待確認,100.0,confirmed,1.0,11.0,15.0,2.0,5.0,5.0,8.0
2026-09-07,75,偏洗盤,100.0,confirmed,15.0,16.0,15.0,2.0,9.0,10.0,8.0
2026-09-08,61,中性待確認,100.0,confirmed,17.0,12.0,7.0,12.0,4.0,3.0,6.0
2026-09-09,55,中性待確認,100.0,confirmed,13.0,11.0,7.0,5.0,6.0,5.0,8.0
2026-09-10,34,偏派發／風險釋放,100.0,confirmed,3.0,12.0,11.0,2.0,3.0,3.0,0.0
2026-09-11,28,偏派發／風險釋放,100.0,confirmed,3.0,0.0,5.5,12.0,5.0,3.0,0.0
2026-09-14,48,中性待確認,100.0,confirmed,3.0,14.0,8.0,12.0,8.0,3.0,0.0
2026-09-15,25,偏派發／風險釋放,100.0,confirmed,3.0,8.0,0.0,9.0,5.0,0.0,0.0
2026-09-16,44,中性待確認,100.0,confirmed,3.0,16.0,6.0,2.0,9.0,3.0,5.0
2026-09-17,56,中性待確認,100.0,confirmed,5.0,20.0,7.5,2.0,2.0,10.0,10.0
2026-09-18,79,偏洗盤,100.0,confirmed,15.0,20.0,15.0,2.0,7.0,10.0,10.0
2026-09-21,66,偏洗盤,100.0,confirmed,17.0,8.0,15.0,0.0,8.0,10.0,8.0
2026-09-22,47,中性待確認,100.0,confirmed,17.0,2.0,5.0,5.0,5.0,5.0,8.0
2026-09-23,55,中性待確認,100.0,confirmed,13.0,9.0,11.0,5.0,4.0,5.0,8.0
2026-09-24,56,中性待確認,100.0,confirmed,13.0,16.0,13.0,0.0,5.0,3.0,6.0
