日期,代號,名稱,外資(張),投信(張),自營商(張),三大合計(公式),合計(來源),檢核差,外資連續,投信連續,自營連續,合計連續,備註／來源
2026-08-07,00940,元大台灣價值高息,-1691.0,0.0,4183.1,2492,2492.1,0,-1,,1,1,TWSE T86
2026-08-10,00940,元大台灣價值高息,-2698.8,0.0,12412.5,9713,9713.7,-1,-2,,2,2,TWSE T86
2026-08-11,00940,元大台灣價值高息,1415.0,0.0,972.7,2388,2387.7,0,1,,3,3,TWSE T86
2026-08-12,00940,元大台灣價值高息,1505.2,0.0,10459.2,11964,11964.4,0,2,,4,4,TWSE T86
2026-08-13,00940,元大台灣價值高息,4877.4,0.0,11293.2,16170,16170.6,-1,3,,5,5,TWSE T86
2026-08-14,00940,元大台灣價值高息,445.8,0.0,6400.3,6846,6846.0,0,4,,6,6,TWSE T86
2026-08-17,00940,元大台灣價值高息,1097.6,0.0,6829.7,7928,7927.3,1,5,,7,7,TWSE T86
2026-08-18,00940,元大台灣價值高息,408.3,0.0,3687.7,4096,4096.1,0,6,,8,8,TWSE T86
2026-08-19,00940,元大台灣價值高息,91.5,0.0,7701.8,7794,7793.3,1,7,,9,9,TWSE T86
2026-08-20,00940,元大台灣價值高息,-636.5,0.0,3395.1,2759,2758.6,0,-1,,10,10,TWSE T86
2026-08-21,00940,元大台灣價值高息,903.5,0.0,10184.1,11087,11087.6,-1,1,,11,11,TWSE T86
2026-08-24,00940,元大台灣價值高息,939.0,0.0,6536.3,7475,7475.3,0,2,,12,12,TWSE T86
2026-08-25,00940,元大台灣價值高息,-1499.0,0.0,7437.9,5939,5938.9,0,-1,,13,13,TWSE T86
2026-08-26,00940,元大台灣價值高息,1505.2,0.0,13304.6,14810,14809.9,0,1,,14,14,TWSE T86
2026-08-27,00940,元大台灣價值高息,-190.0,0.0,8926.5,8737,8736.5,0,-1,,15,15,TWSE T86
2026-08-28,00940,元大台灣價值高息,1733.2,0.0,4285.4,6018,6018.6,-1,1,,16,16,TWSE T86
2026-08-31,00940,元大台灣價值高息,3848.0,0.0,9203.8,13052,13051.8,0,2,,17,17,TWSE T86
2026-09-01,00940,元大台灣價值高息,837.8,0.0,11986.8,12825,12824.6,0,3,,18,18,TWSE T86
2026-09-02,00940,元大台灣價值高息,568.0,0.0,745.6,1314,1313.6,0,4,,19,19,TWSE T86
2026-09-03,00940,元大台灣價值高息,-2014.9,0.0,4237.2,2222,2222.3,0,-1,,20,20,TWSE T86
2026-09-04,00940,元大台灣價值高息,5482.0,0.0,14456.0,19938,19938.0,0,1,,21,21,TWSE T86
2026-09-07,00940,元大台灣價值高息,8.0,0.0,3204.4,3212,3212.4,0,2,,22,22,TWSE T86
2026-09-08,00940,元大台灣價值高息,-676.0,0.0,591.9,-84,-84.0,0,-1,,23,-1,TWSE T86
2026-09-09,00940,元大台灣價值高息,1116.0,0.0,8604.0,9720,9720.0,0,1,,24,1,TWSE T86
2026-09-10,00940,元大台灣價值高息,118.2,0.0,4654.9,4773,4773.2,0,2,,25,2,TWSE T86
2026-09-11,00940,元大台灣價值高息,85.9,0.0,3369.3,3455,3455.1,0,3,,26,3,TWSE T86
2026-09-14,00940,元大台灣價值高息,-306.9,0.0,6641.0,6334,6334.1,0,-1,,27,4,TWSE T86
2026-09-15,00940,元大台灣價值高息,-2413.0,0.0,3160.2,747,747.2,0,-2,,28,5,TWSE T86
2026-09-16,00940,元大台灣價值高息,1136.0,0.0,8554.4,9690,9690.4,0,1,,29,6,TWSE T86
2026-09-17,00940,元大台灣價值高息,2662.4,0.0,19819.9,22482,22482.3,0,2,,30,7,TWSE T86
2026-09-18,00940,元大台灣價值高息,228.0,0.0,16639.6,16868,16867.6,0,3,,31,8,TWSE T86
2026-09-21,00940,元大台灣價值高息,1008.0,0.0,7181.0,8189,8189.0,0,4,,32,9,TWSE T86
2026-09-22,00940,元大台灣價值高息,2087.0,0.0,5470.8,7558,7557.8,0,5,,33,10,TWSE T86
2026-09-23,00940,元大台灣價值高息,-1351.0,0.0,3112.0,1761,1761.0,0,-1,,34,11,TWSE T86
2026-09-24,00940,元大台灣價值高息,23.0,0.0,2213.6,2237,2236.6,0,1,,35,12,TWSE T86
2026-08-07,2884,玉山金,267.1,1166.0,-59.2,1374,1373.9,0,1,1,-1,1,TWSE T86
2026-08-10,2884,玉山金,-9388.7,357.1,-513.3,-9545,-9544.9,0,-1,2,-2,-1,TWSE T86
2026-08-11,2884,玉山金,-9675.9,419.2,-190.9,-9448,-9447.6,0,-2,3,-3,-2,TWSE T86
2026-08-12,2884,玉山金,-5878.3,363.4,55.0,-5460,-5460.0,0,-3,4,1,-3,TWSE T86
2026-08-13,2884,玉山金,-2554.7,915.8,-474.1,-2113,-2113.1,0,-4,5,-1,-4,TWSE T86
2026-08-14,2884,玉山金,-17361.3,18352.3,-171.8,819,819.1,0,-5,6,-2,1,TWSE T86
2026-08-17,2884,玉山金,-28402.9,23753.4,-683.3,-5333,-5332.8,0,-6,7,-3,-1,TWSE T86
2026-08-18,2884,玉山金,-14426.2,18674.3,-154.1,4094,4094.0,0,-7,8,-4,1,TWSE T86
2026-08-19,2884,玉山金,-25211.9,24766.0,-142.0,-588,-587.9,0,-8,9,-5,-1,TWSE T86
2026-08-20,2884,玉山金,-10516.3,2245.0,-28.4,-8299,-8299.7,1,-9,10,-6,-2,TWSE T86
2026-08-21,2884,玉山金,-76.6,45.1,-131.9,-164,-163.4,-1,-10,11,-7,-3,TWSE T86
2026-08-24,2884,玉山金,-900.8,437.0,66.3,-398,-397.4,-1,-11,12,1,-4,TWSE T86
2026-08-25,2884,玉山金,12135.9,981.5,264.1,13381,13381.5,-1,1,13,2,1,TWSE T86
2026-08-26,2884,玉山金,-11247.8,4620.9,-39.3,-6666,-6666.3,0,-1,14,-1,-1,TWSE T86
2026-08-27,2884,玉山金,-6715.5,1565.2,-562.8,-5713,-5713.1,0,-2,15,-2,-2,TWSE T86
2026-08-28,2884,玉山金,-6139.3,32.1,-228.6,-6336,-6335.8,0,-3,16,-3,-3,TWSE T86
2026-08-31,2884,玉山金,12893.6,1554.0,-2075.2,12373,12372.3,1,1,17,-4,1,TWSE T86
2026-09-01,2884,玉山金,-9517.8,4095.5,500.5,-4921,-4921.8,1,-1,18,1,-1,TWSE T86
2026-09-02,2884,玉山金,6874.9,5673.3,-230.2,12318,12318.0,0,1,19,-1,1,TWSE T86
2026-09-03,2884,玉山金,8980.5,671.0,1236.8,10888,10888.3,0,2,20,1,2,TWSE T86
2026-09-04,2884,玉山金,8186.7,5238.0,-685.2,12740,12739.5,0,3,21,-1,3,TWSE T86
2026-09-07,2884,玉山金,-8346.5,8972.7,441.1,1067,1067.2,0,-1,22,1,4,TWSE T86
2026-09-08,2884,玉山金,4935.1,11346.0,536.9,16818,16818.0,0,1,23,2,5,TWSE T86
2026-09-09,2884,玉山金,-20077.3,3131.9,-230.6,-17176,-17176.0,0,-1,24,-1,-1,TWSE T86
2026-09-10,2884,玉山金,1374.6,7183.1,-165.8,8392,8391.8,0,1,25,-2,1,TWSE T86
2026-09-11,2884,玉山金,9208.2,1514.4,502.2,11224,11224.7,-1,2,26,1,2,TWSE T86
2026-09-14,2884,玉山金,-13037.5,4386.0,-292.6,-8944,-8944.1,0,-1,27,-1,-1,TWSE T86
2026-09-15,2884,玉山金,-9521.3,4558.0,486.8,-4476,-4476.5,0,-2,28,1,-2,TWSE T86
2026-09-16,2884,玉山金,6518.2,7852.0,63.6,14434,14433.9,0,1,29,2,1,TWSE T86
2026-09-17,2884,玉山金,3450.3,8685.0,526.7,12662,12662.1,0,2,30,3,2,TWSE T86
2026-09-18,2884,玉山金,-17251.0,1205.8,468.7,-15576,-15576.5,1,-1,31,4,-1,TWSE T86
2026-09-21,2884,玉山金,5086.1,771.3,848.1,6705,6705.6,-1,1,32,5,1,TWSE T86
2026-09-22,2884,玉山金,1424.0,570.0,384.5,2379,2378.6,0,2,33,6,2,TWSE T86
2026-09-23,2884,玉山金,-5007.2,3005.0,529.8,-1472,-1472.5,0,-1,34,7,-1,TWSE T86
2026-09-24,2884,玉山金,-2037.0,3052.0,338.9,1354,1353.8,0,-2,35,8,1,TWSE T86
2026-08-07,00900,富邦特選高股息30,990.0,0.0,1391.1,2381,2381.2,0,1,,1,1,TWSE T86
2026-08-10,00900,富邦特選高股息30,2172.0,0.0,3094.4,5266,5266.4,0,2,,2,2,TWSE T86
2026-08-11,00900,富邦特選高股息30,1070.0,0.0,-64.7,1005,1005.3,0,3,,-1,3,TWSE T86
2026-08-12,00900,富邦特選高股息30,2507.0,0.0,1940.9,4448,4447.9,0,4,,1,4,TWSE T86
2026-08-13,00900,富邦特選高股息30,436.0,2500.0,-593.0,2343,2343.0,0,5,1,-1,5,TWSE T86
2026-08-14,00900,富邦特選高股息30,657.1,2500.0,-683.8,2473,2473.3,0,6,2,-2,6,TWSE T86
2026-08-17,00900,富邦特選高股息30,454.0,0.0,674.0,1128,1128.0,0,7,,1,7,TWSE T86
2026-08-18,00900,富邦特選高股息30,759.0,0.0,2002.0,2761,2761.0,0,8,,2,8,TWSE T86
2026-08-19,00900,富邦特選高股息30,1028.6,0.0,3373.5,4403,4402.1,1,9,,3,9,TWSE T86
2026-08-20,00900,富邦特選高股息30,412.8,0.0,666.5,1080,1079.3,1,10,,4,10,TWSE T86
2026-08-21,00900,富邦特選高股息30,2304.0,0.0,2001.5,4306,4305.5,0,11,,5,11,TWSE T86
2026-08-24,00900,富邦特選高股息30,741.0,2500.0,-973.6,2267,2267.4,0,12,1,-1,12,TWSE T86
2026-08-25,00900,富邦特選高股息30,613.0,0.0,2617.2,3230,3230.2,0,13,,1,13,TWSE T86
2026-08-26,00900,富邦特選高股息30,1788.0,0.0,2539.3,4327,4327.3,0,14,,2,14,TWSE T86
2026-08-27,00900,富邦特選高股息30,774.0,2500.0,2703.9,5978,5977.9,0,15,1,3,15,TWSE T86
2026-08-28,00900,富邦特選高股息30,750.8,0.0,1135.6,1887,1886.4,1,16,,4,16,TWSE T86
2026-08-31,00900,富邦特選高股息30,1548.0,0.0,5631.0,7179,7179.0,0,17,,5,17,TWSE T86
2026-09-01,00900,富邦特選高股息30,4110.7,0.0,4309.6,8421,8420.3,1,18,,6,18,TWSE T86
2026-09-02,00900,富邦特選高股息30,4225.0,0.0,4002.4,8227,8227.4,0,19,,7,19,TWSE T86
2026-09-03,00900,富邦特選高股息30,211.0,0.0,3452.4,3663,3663.4,0,20,,8,20,TWSE T86
2026-09-04,00900,富邦特選高股息30,1985.5,0.0,5485.1,7471,7470.6,0,21,,9,21,TWSE T86
2026-09-07,00900,富邦特選高股息30,372.0,0.0,1466.5,1839,1838.5,0,22,,10,22,TWSE T86
2026-09-08,00900,富邦特選高股息30,414.0,0.0,2194.6,2609,2608.6,0,23,,11,23,TWSE T86
2026-09-09,00900,富邦特選高股息30,664.0,0.0,2494.9,3159,3158.9,0,24,,12,24,TWSE T86
2026-09-10,00900,富邦特選高股息30,250.0,0.0,966.5,1217,1216.5,0,25,,13,25,TWSE T86
2026-09-11,00900,富邦特選高股息30,623.0,0.0,2921.5,3544,3544.5,0,26,,14,26,TWSE T86
2026-09-14,00900,富邦特選高股息30,291.0,0.0,3255.5,3546,3546.5,0,27,,15,27,TWSE T86
2026-09-15,00900,富邦特選高股息30,-592.0,0.0,2314.2,1722,1722.2,0,-1,,16,28,TWSE T86
2026-09-16,00900,富邦特選高股息30,515.0,0.0,3608.5,4123,4123.5,0,1,,17,29,TWSE T86
2026-09-17,00900,富邦特選高股息30,2480.0,0.0,4674.7,7155,7154.7,0,2,,18,30,TWSE T86
2026-09-18,00900,富邦特選高股息30,480.0,0.0,2311.0,2791,2791.0,0,3,,19,31,TWSE T86
2026-09-21,00900,富邦特選高股息30,1376.0,0.0,1780.3,3156,3156.3,0,4,,20,32,TWSE T86
2026-09-22,00900,富邦特選高股息30,1850.0,0.0,701.2,2551,2551.2,0,5,,21,33,TWSE T86
2026-09-23,00900,富邦特選高股息30,151.1,0.0,863.5,1014,1014.6,-1,6,,22,34,TWSE T86
2026-09-24,00900,富邦特選高股息30,436.0,0.0,769.4,1205,1205.4,0,7,,23,35,TWSE T86
2026-08-07,00932,兆豐永續高息等權,-50.0,0.0,269.6,220,219.6,0,-1,,1,1,TWSE T86
2026-08-10,00932,兆豐永續高息等權,-40.0,0.0,471.7,432,431.7,0,-2,,2,2,TWSE T86
2026-08-11,00932,兆豐永續高息等權,-1.0,0.0,124.6,124,123.6,0,-3,,3,3,TWSE T86
2026-08-12,00932,兆豐永續高息等權,4.0,0.0,62.9,67,66.8,0,1,,4,4,TWSE T86
2026-08-13,00932,兆豐永續高息等權,14.0,0.0,593.4,607,607.4,0,2,,5,5,TWSE T86
2026-08-14,00932,兆豐永續高息等權,4.0,0.0,238.6,243,242.6,0,3,,6,6,TWSE T86
2026-08-17,00932,兆豐永續高息等權,37.0,0.0,215.6,253,252.6,0,4,,7,7,TWSE T86
2026-08-18,00932,兆豐永續高息等權,104.0,0.0,-43.9,60,60.1,0,5,,-1,8,TWSE T86
2026-08-19,00932,兆豐永續高息等權,96.0,0.0,137.9,234,233.9,0,6,,1,9,TWSE T86
2026-08-20,00932,兆豐永續高息等權,83.0,0.0,38.4,121,121.4,0,7,,2,10,TWSE T86
2026-08-21,00932,兆豐永續高息等權,50.0,0.0,221.1,271,271.1,0,8,,3,11,TWSE T86
2026-08-24,00932,兆豐永續高息等權,96.0,0.0,13.6,110,109.6,0,9,,4,12,TWSE T86
2026-08-25,00932,兆豐永續高息等權,-146.0,0.0,231.4,85,85.4,0,-1,,5,13,TWSE T86
2026-08-26,00932,兆豐永續高息等權,8.0,0.0,580.9,589,588.9,0,1,,6,14,TWSE T86
2026-08-27,00932,兆豐永續高息等權,-104.0,0.0,474.2,370,370.2,0,-1,,7,15,TWSE T86
2026-08-28,00932,兆豐永續高息等權,2.0,0.0,168.6,171,170.6,0,1,,8,16,TWSE T86
2026-08-31,00932,兆豐永續高息等權,125.0,0.0,173.3,298,298.3,0,2,,9,17,TWSE T86
2026-09-01,00932,兆豐永續高息等權,-202.0,0.0,839.3,637,637.3,0,-1,,10,18,TWSE T86
2026-09-02,00932,兆豐永續高息等權,46.0,0.0,303.9,350,349.9,0,1,,11,19,TWSE T86
2026-09-03,00932,兆豐永續高息等權,-385.0,0.0,589.2,204,204.2,0,-1,,12,20,TWSE T86
2026-09-04,00932,兆豐永續高息等權,119.0,0.0,203.5,323,322.5,0,1,,13,21,TWSE T86
2026-09-07,00932,兆豐永續高息等權,-324.0,0.0,538.0,214,214.0,0,-1,,14,22,TWSE T86
2026-09-08,00932,兆豐永續高息等權,-4.0,0.0,161.9,158,157.9,0,-2,,15,23,TWSE T86
2026-09-09,00932,兆豐永續高息等權,32.0,0.0,356.9,389,388.9,0,1,,16,24,TWSE T86
2026-09-10,00932,兆豐永續高息等權,2.0,0.0,141.2,143,143.2,0,2,,17,25,TWSE T86
2026-09-11,00932,兆豐永續高息等權,45.0,0.0,254.6,300,299.6,0,3,,18,26,TWSE T86
2026-09-14,00932,兆豐永續高息等權,0.0,0.0,190.3,190,190.3,0,,,19,27,TWSE T86
2026-09-15,00932,兆豐永續高息等權,-295.0,0.0,352.2,57,57.2,0,-1,,20,28,TWSE T86
2026-09-16,00932,兆豐永續高息等權,2.0,0.0,186.0,188,188.0,0,1,,21,29,TWSE T86
2026-09-17,00932,兆豐永續高息等權,70.0,0.0,420.1,490,490.1,0,2,,22,30,TWSE T86
2026-09-18,00932,兆豐永續高息等權,18.0,0.0,307.6,326,325.6,0,3,,23,31,TWSE T86
2026-09-21,00932,兆豐永續高息等權,2.0,0.0,170.0,172,172.0,0,4,,24,32,TWSE T86
2026-09-22,00932,兆豐永續高息等權,0.0,0.0,154.8,155,154.8,0,,,25,33,TWSE T86
2026-09-23,00932,兆豐永續高息等權,4.0,0.0,82.7,87,86.7,0,1,,26,34,TWSE T86
2026-09-24,00932,兆豐永續高息等權,-143.0,0.0,297.5,155,154.5,0,-1,,27,35,TWSE T86
2026-08-07,3045,台灣大,1724.4,105.1,9.0,1838,1838.5,0,1,1,1,1,TWSE T86
2026-08-10,3045,台灣大,-2005.2,-73.2,-54.5,-2132,-2132.9,1,-1,-1,-1,-1,TWSE T86
2026-08-11,3045,台灣大,-1945.7,122.3,203.4,-1621,-1620.1,-1,-2,1,1,-2,TWSE T86
2026-08-12,3045,台灣大,598.2,91.3,19.1,708,708.6,-1,1,2,2,1,TWSE T86
2026-08-13,3045,台灣大,-6549.9,-665.0,23.9,-7191,-7191.0,0,-1,-1,3,-1,TWSE T86
2026-08-14,3045,台灣大,-1948.6,-257.1,-82.8,-2289,-2288.5,-1,-2,-2,-1,-2,TWSE T86
2026-08-17,3045,台灣大,9678.5,-877.8,-251.0,8550,8549.7,0,1,-3,-2,1,TWSE T86
2026-08-18,3045,台灣大,2941.5,200.2,-42.0,3100,3099.7,0,2,1,-3,2,TWSE T86
2026-08-19,3045,台灣大,18646.2,51.0,-459.0,18238,18238.2,0,3,2,-4,3,TWSE T86
2026-08-20,3045,台灣大,8575.7,1906.0,-344.0,10138,10137.7,0,4,3,-5,4,TWSE T86
2026-08-21,3045,台灣大,6002.6,32.5,-55.1,5980,5980.0,0,5,4,-6,5,TWSE T86
2026-08-24,3045,台灣大,5735.4,12.7,-13.0,5735,5735.1,0,6,5,-7,6,TWSE T86
2026-08-25,3045,台灣大,5421.3,680.2,-392.0,5709,5709.5,-1,7,6,-8,7,TWSE T86
2026-08-26,3045,台灣大,4946.1,-291.2,-32.1,4623,4622.8,0,8,-1,-9,8,TWSE T86
2026-08-27,3045,台灣大,2231.6,-48.5,-292.4,1892,1890.8,1,9,-2,-10,9,TWSE T86
2026-08-28,3045,台灣大,1265.3,-6.3,-140.1,1119,1119.0,0,10,-3,-11,10,TWSE T86
2026-08-31,3045,台灣大,2566.9,195.0,-297.3,2465,2464.6,0,11,1,-12,11,TWSE T86
2026-09-01,3045,台灣大,1129.8,949.2,-247.7,1831,1831.4,0,12,2,-13,12,TWSE T86
2026-09-02,3045,台灣大,3538.8,81.3,-113.1,3507,3506.9,0,13,3,-14,13,TWSE T86
2026-09-03,3045,台灣大,8687.8,1205.0,-287.9,9605,9605.0,0,14,4,-15,14,TWSE T86
2026-09-04,3045,台灣大,2166.8,375.0,-92.6,2449,2449.2,0,15,5,-16,15,TWSE T86
2026-09-07,3045,台灣大,392.4,-7.4,33.3,418,418.3,0,16,-1,1,16,TWSE T86
2026-09-08,3045,台灣大,2986.2,-13.9,-24.4,2948,2947.8,0,17,-2,-1,17,TWSE T86
2026-09-09,3045,台灣大,3244.5,905.9,-177.9,3973,3972.5,0,18,1,-2,18,TWSE T86
2026-09-10,3045,台灣大,1515.6,15.0,-137.0,1394,1393.7,0,19,2,-3,19,TWSE T86
2026-09-11,3045,台灣大,2846.7,60.2,-167.0,2740,2739.8,0,20,3,-4,20,TWSE T86
2026-09-14,3045,台灣大,1956.4,-112.0,3.0,1847,1847.4,0,21,-1,1,21,TWSE T86
2026-09-15,3045,台灣大,2396.8,-46.0,-191.9,2159,2158.9,0,22,-2,-1,22,TWSE T86
2026-09-16,3045,台灣大,2248.0,425.1,-522.4,2151,2150.7,0,23,1,-2,23,TWSE T86
2026-09-17,3045,台灣大,762.2,51.0,-33.3,780,779.9,0,24,2,-3,24,TWSE T86
2026-09-18,3045,台灣大,-333.7,2148.5,54.5,1869,1869.3,0,-1,3,1,25,TWSE T86
2026-09-21,3045,台灣大,2391.2,18.6,35.0,2445,2444.8,0,1,4,2,26,TWSE T86
2026-09-22,3045,台灣大,3839.9,-196.6,300.0,3943,3943.3,0,2,-1,3,27,TWSE T86
2026-09-23,3045,台灣大,1316.4,-15.0,150.0,1451,1451.4,0,3,-2,4,28,TWSE T86
2026-09-24,3045,台灣大,1434.4,-233.0,-234.9,966,966.5,-1,4,-3,-1,29,TWSE T86
2026-08-07,3596,智易,-603.1,0.7,-3.2,-605,-605.6,1,-1,1,-1,-1,TWSE T86
2026-08-10,3596,智易,-1868.7,0.0,-2.1,-1871,-1870.8,0,-2,,-2,-2,TWSE T86
2026-08-11,3596,智易,-2015.8,-1.9,-5.3,-2023,-2023.1,0,-3,-1,-3,-3,TWSE T86
2026-08-12,3596,智易,-701.6,0.0,-4.2,-706,-705.8,0,-4,,-4,-4,TWSE T86
2026-08-13,3596,智易,-1465.7,0.0,-11.6,-1478,-1477.4,-1,-5,,-5,-5,TWSE T86
2026-08-14,3596,智易,-831.3,0.0,-2.2,-833,-833.5,0,-6,,-6,-6,TWSE T86
2026-08-17,3596,智易,-598.0,0.0,-17.1,-615,-615.1,0,-7,,-7,-7,TWSE T86
2026-08-18,3596,智易,-1262.3,0.0,1.9,-1260,-1260.4,0,-8,,1,-8,TWSE T86
2026-08-19,3596,智易,-551.7,0.0,-1.3,-553,-553.0,0,-9,,-1,-9,TWSE T86
2026-08-20,3596,智易,-305.3,0.0,1.1,-304,-304.2,0,-10,,1,-10,TWSE T86
2026-08-21,3596,智易,-489.0,1.0,-3.5,-491,-491.5,0,-11,1,-1,-11,TWSE T86
2026-08-24,3596,智易,-381.8,0.0,-0.3,-382,-382.1,0,-12,,-2,-12,TWSE T86
2026-08-25,3596,智易,-492.8,0.0,1.2,-492,-491.5,0,-13,,1,-13,TWSE T86
2026-08-26,3596,智易,-658.4,0.0,7.1,-651,-651.3,0,-14,,2,-14,TWSE T86
2026-08-27,3596,智易,-377.1,0.0,0.0,-377,-377.1,0,-15,,3,-15,TWSE T86
2026-08-28,3596,智易,-255.0,0.0,-1.5,-256,-256.5,0,-16,,-1,-16,TWSE T86
2026-08-31,3596,智易,-1139.6,0.0,-2.2,-1142,-1141.8,0,-17,,-2,-17,TWSE T86
2026-09-01,3596,智易,-500.9,0.0,-12.2,-513,-513.1,0,-18,,-3,-18,TWSE T86
2026-09-02,3596,智易,-200.6,0.0,33.7,-167,-166.9,0,-19,,1,-19,TWSE T86
2026-09-03,3596,智易,-1196.3,0.0,2.1,-1194,-1194.2,0,-20,,2,-20,TWSE T86
2026-09-04,3596,智易,-52.2,0.0,0.6,-51,-51.6,1,-21,,3,-21,TWSE T86
2026-09-07,3596,智易,-87.0,0.0,2.4,-85,-84.6,0,-22,,4,-22,TWSE T86
2026-09-08,3596,智易,-741.7,0.0,-10.0,-752,-751.7,0,-23,,-1,-23,TWSE T86
2026-09-09,3596,智易,-256.8,0.0,-0.3,-257,-257.2,0,-24,,-2,-24,TWSE T86
2026-09-10,3596,智易,-681.0,0.0,-0.5,-682,-681.5,0,-25,,-3,-25,TWSE T86
2026-09-11,3596,智易,7.0,0.0,-9.5,-3,-2.5,-1,1,,-4,-26,TWSE T86
2026-09-14,3596,智易,-21.0,0.0,-0.8,-22,-21.8,0,-1,,-5,-27,TWSE T86
2026-09-15,3596,智易,-225.0,0.0,5.1,-220,-219.9,0,-2,,1,-28,TWSE T86
2026-09-16,3596,智易,-286.0,-0.6,-79.0,-366,-365.6,0,-3,-1,-1,-29,TWSE T86
2026-09-17,3596,智易,-33.0,0.0,3.3,-30,-29.7,0,-4,,1,-30,TWSE T86
2026-09-18,3596,智易,-215.0,0.0,7.4,-208,-207.6,0,-5,,2,-31,TWSE T86
2026-09-21,3596,智易,-231.7,0.0,2.3,-230,-229.4,-1,-6,,3,-32,TWSE T86
2026-09-22,3596,智易,-232.2,0.0,1.0,-231,-231.2,0,-7,,4,-33,TWSE T86
2026-09-23,3596,智易,-529.0,0.0,1.8,-527,-527.2,0,-8,,5,-34,TWSE T86
2026-09-24,3596,智易,-214.1,0.0,-1.4,-215,-215.5,0,-9,,-1,-35,TWSE T86
2026-08-07,00646,元大S&P500,-8.9,50.0,-768.4,-727,-727.3,0,-1,1,-1,-1,TWSE T86
2026-08-10,00646,元大S&P500,16.2,0.0,-2100.0,-2084,-2083.8,0,1,,-2,-2,TWSE T86
2026-08-11,00646,元大S&P500,62.9,120.0,-616.9,-434,-434.1,0,2,1,-3,-3,TWSE T86
2026-08-12,00646,元大S&P500,-46.5,0.0,-177.6,-225,-224.1,-1,-1,,-4,-4,TWSE T86
2026-08-13,00646,元大S&P500,-40.2,0.0,-110.7,-151,-150.9,0,-2,,-5,-5,TWSE T86
2026-08-14,00646,元大S&P500,-37.2,0.0,-5392.3,-5429,-5429.5,0,-3,,-6,-6,TWSE T86
2026-08-17,00646,元大S&P500,-290.8,0.0,-2038.7,-2330,-2329.5,-1,-4,,-7,-7,TWSE T86
2026-08-18,00646,元大S&P500,201.8,-400.0,-806.0,-1004,-1004.2,0,1,-1,-8,-8,TWSE T86
2026-08-19,00646,元大S&P500,12.6,0.0,434.1,447,446.7,0,2,,1,1,TWSE T86
2026-08-20,00646,元大S&P500,106.9,-50.0,-1179.2,-1122,-1122.2,0,3,-1,-1,-1,TWSE T86
2026-08-21,00646,元大S&P500,2.8,0.0,-1540.7,-1538,-1537.9,0,4,,-2,-2,TWSE T86
2026-08-24,00646,元大S&P500,3.0,160.0,-561.9,-399,-398.9,0,5,1,-3,-3,TWSE T86
2026-08-25,00646,元大S&P500,-1.4,0.0,-1759.8,-1761,-1761.2,0,-1,,-4,-4,TWSE T86
2026-08-26,00646,元大S&P500,-75.5,0.0,-2315.0,-2391,-2390.5,-1,-2,,-5,-5,TWSE T86
2026-08-27,00646,元大S&P500,-0.6,300.0,-2245.5,-1946,-1946.0,0,-3,1,-6,-6,TWSE T86
2026-08-28,00646,元大S&P500,-89.7,0.0,-3257.7,-3348,-3347.3,-1,-4,,-7,-7,TWSE T86
2026-08-31,00646,元大S&P500,7.5,0.0,-1682.5,-1675,-1675.0,0,1,,-8,-8,TWSE T86
2026-09-01,00646,元大S&P500,178.4,0.0,-1389.5,-1211,-1211.1,0,2,,-9,-9,TWSE T86
2026-09-02,00646,元大S&P500,8.0,80.0,-1679.6,-1592,-1591.6,0,3,1,-10,-10,TWSE T86
2026-09-03,00646,元大S&P500,-1.0,0.0,-3675.8,-3677,-3676.8,0,-1,,-11,-11,TWSE T86
2026-09-04,00646,元大S&P500,-87.6,0.0,-4354.0,-4442,-4441.6,0,-2,,-12,-12,TWSE T86
2026-09-07,00646,元大S&P500,11.8,0.0,-3479.0,-3467,-3467.2,0,1,,-13,-13,TWSE T86
2026-09-08,00646,元大S&P500,403.0,4.0,-2779.7,-2373,-2372.6,0,2,1,-14,-14,TWSE T86
2026-09-09,00646,元大S&P500,0.2,349.0,-1229.4,-880,-880.2,0,3,2,-15,-15,TWSE T86
2026-09-10,00646,元大S&P500,-29.9,42.0,-857.2,-845,-845.0,0,-1,3,-16,-16,TWSE T86
2026-09-11,00646,元大S&P500,-66.3,40.0,-840.3,-866,-866.6,1,-2,4,-17,-17,TWSE T86
2026-09-14,00646,元大S&P500,-0.2,248.0,-851.9,-604,-604.1,0,-3,5,-18,-18,TWSE T86
2026-09-15,00646,元大S&P500,-14.5,130.0,-803.6,-688,-688.1,0,-4,6,-19,-19,TWSE T86
2026-09-16,00646,元大S&P500,-6.9,60.0,-1991.1,-1938,-1938.1,0,-5,7,-20,-20,TWSE T86
2026-09-17,00646,元大S&P500,1.2,50.0,-448.0,-397,-396.8,0,1,8,-21,-21,TWSE T86
2026-09-18,00646,元大S&P500,-32.5,254.0,-1229.0,-1007,-1007.5,0,-1,9,-22,-22,TWSE T86
2026-09-21,00646,元大S&P500,7.5,80.0,-637.0,-550,-549.5,0,1,10,-23,-23,TWSE T86
2026-09-22,00646,元大S&P500,24.9,70.0,-3862.6,-3768,-3767.8,0,2,11,-24,-24,TWSE T86
2026-09-23,00646,元大S&P500,14.6,0.0,-1632.2,-1617,-1617.6,1,3,,-25,-25,TWSE T86
2026-09-24,00646,元大S&P500,-9.8,204.0,-816.0,-622,-621.8,0,-1,1,-26,-26,TWSE T86
2026-08-07,00712,復華富時不動產,-10014.9,0.0,-11572.3,-21587,-21587.2,0,-1,,-1,-1,TWSE T86
2026-08-10,00712,復華富時不動產,1716.0,0.0,4761.2,6477,6477.2,0,1,,1,1,TWSE T86
2026-08-11,00712,復華富時不動產,-360.0,0.0,-424.4,-784,-784.4,0,-1,,-1,-1,TWSE T86
2026-08-12,00712,復華富時不動產,3889.0,0.0,6233.2,10122,10122.2,0,1,,1,1,TWSE T86
2026-08-13,00712,復華富時不動產,-178.9,0.0,238.2,59,59.4,0,-1,,2,2,TWSE T86
2026-08-14,00712,復華富時不動產,-9.6,0.0,1299.2,1289,1289.6,-1,-2,,3,3,TWSE T86
2026-08-17,00712,復華富時不動產,-66.2,0.0,342.2,276,275.9,0,-3,,4,4,TWSE T86
2026-08-18,00712,復華富時不動產,-1494.9,0.0,661.3,-834,-833.6,0,-4,,5,-1,TWSE T86
2026-08-19,00712,復華富時不動產,62.0,0.0,-1219.2,-1157,-1157.2,0,1,,-1,-2,TWSE T86
2026-08-20,00712,復華富時不動產,6028.2,0.0,6016.2,12044,12044.4,0,2,,1,1,TWSE T86
2026-08-21,00712,復華富時不動產,-966.0,0.0,-3047.2,-4013,-4013.2,0,-1,,-1,-1,TWSE T86
2026-08-24,00712,復華富時不動產,-4060.0,0.0,-3278.8,-7339,-7338.8,0,-2,,-2,-2,TWSE T86
2026-08-25,00712,復華富時不動產,-306.0,0.0,-245.8,-552,-551.8,0,-3,,-3,-3,TWSE T86
2026-08-26,00712,復華富時不動產,-9024.0,0.0,-6818.5,-15843,-15842.5,0,-4,,-4,-4,TWSE T86
2026-08-27,00712,復華富時不動產,-15312.8,0.0,-44109.9,-59423,-59422.7,0,-5,,-5,-5,TWSE T86
2026-08-28,00712,復華富時不動產,-5269.9,0.0,-20180.3,-25450,-25450.2,0,-6,,-6,-6,TWSE T86
2026-08-31,00712,復華富時不動產,-20.9,0.0,-23949.1,-23970,-23970.0,0,-7,,-7,-7,TWSE T86
2026-09-01,00712,復華富時不動產,-990.0,0.0,-44761.7,-45752,-45751.7,0,-8,,-8,-8,TWSE T86
2026-09-02,00712,復華富時不動產,-11057.8,0.0,-55097.6,-66156,-66155.4,-1,-9,,-9,-9,TWSE T86
2026-09-03,00712,復華富時不動產,17.0,0.0,-31236.3,-31219,-31219.3,0,1,,-10,-10,TWSE T86
2026-09-04,00712,復華富時不動產,-23.0,0.0,-12787.0,-12810,-12810.0,0,-1,,-11,-11,TWSE T86
2026-09-07,00712,復華富時不動產,-193.0,0.0,-13157.8,-13351,-13350.8,0,-2,,-12,-12,TWSE T86
2026-09-08,00712,復華富時不動產,-8062.0,0.0,-17493.8,-25556,-25555.8,0,-3,,-13,-13,TWSE T86
2026-09-09,00712,復華富時不動產,-6111.0,0.0,-54063.0,-60174,-60174.0,0,-4,,-14,-14,TWSE T86
2026-09-10,00712,復華富時不動產,99.8,0.0,-56378.3,-56278,-56278.5,1,1,,-15,-15,TWSE T86
2026-09-11,00712,復華富時不動產,-9250.9,0.0,-109523.2,-118774,-118774.1,0,-1,,-16,-16,TWSE T86
2026-09-14,00712,復華富時不動產,-3043.9,0.0,-63190.3,-66234,-66234.2,0,-2,,-17,-17,TWSE T86
2026-09-15,00712,復華富時不動產,-39.7,0.0,-51874.7,-51915,-51914.4,-1,-3,,-18,-18,TWSE T86
2026-09-16,00712,復華富時不動產,-1490.6,0.0,-124089.0,-125580,-125579.6,0,-4,,-19,-19,TWSE T86
2026-09-17,00712,復華富時不動產,724.9,0.0,-102307.2,-101582,-101582.3,0,1,,-20,-20,TWSE T86
2026-09-18,00712,復華富時不動產,1792.4,0.0,-87815.8,-86024,-86023.4,-1,2,,-21,-21,TWSE T86
2026-09-21,00712,復華富時不動產,12618.0,0.0,-80462.7,-67845,-67844.7,0,3,,-22,-22,TWSE T86
2026-09-22,00712,復華富時不動產,-2735.8,0.0,-44925.0,-47661,-47660.8,0,-1,,-23,-23,TWSE T86
2026-09-23,00712,復華富時不動產,293.2,0.0,-25222.0,-24929,-24928.8,0,1,,-24,-24,TWSE T86
2026-09-24,00712,復華富時不動產,-4380.0,0.0,-74205.9,-78586,-78585.9,0,-1,,-25,-25,TWSE T86
2026-08-07,4137,麗豐-KY,24.0,0.0,10.0,34,34.0,0,1,,1,1,TWSE T86
2026-08-10,4137,麗豐-KY,0.0,0.0,2.0,2,2.0,0,,,2,2,TWSE T86
2026-08-11,4137,麗豐-KY,18.2,0.0,27.0,45,45.2,0,1,,3,3,TWSE T86
2026-08-12,4137,麗豐-KY,-106.4,0.0,-3.0,-109,-109.4,0,-1,,-1,-1,TWSE T86
2026-08-13,4137,麗豐-KY,-41.0,-1.0,-31.4,-73,-73.4,0,-2,-1,-2,-2,TWSE T86
2026-08-14,4137,麗豐-KY,-68.0,0.0,-16.2,-84,-84.2,0,-3,,-3,-3,TWSE T86
2026-08-17,4137,麗豐-KY,-269.0,0.0,-19.4,-288,-288.4,0,-4,,-4,-4,TWSE T86
2026-08-18,4137,麗豐-KY,-13.0,0.0,-4.2,-17,-17.2,0,-5,,-5,-5,TWSE T86
2026-08-19,4137,麗豐-KY,21.0,0.0,-32.4,-11,-11.4,0,1,,-6,-6,TWSE T86
2026-08-20,4137,麗豐-KY,59.0,0.0,-0.0,59,59.0,0,2,,-7,1,TWSE T86
2026-08-21,4137,麗豐-KY,-29.9,0.0,3.0,-27,-26.9,0,-1,,1,-1,TWSE T86
2026-08-24,4137,麗豐-KY,-195.0,0.0,-4.3,-199,-199.3,0,-2,,-1,-2,TWSE T86
2026-08-25,4137,麗豐-KY,-63.4,0.0,-27.1,-90,-90.5,0,-3,,-2,-3,TWSE T86
2026-08-26,4137,麗豐-KY,-39.0,0.0,-14.0,-53,-53.0,0,-4,,-3,-4,TWSE T86
2026-08-27,4137,麗豐-KY,-26.0,0.0,-1.0,-27,-27.0,0,-5,,-4,-5,TWSE T86
2026-08-28,4137,麗豐-KY,-168.4,0.0,-0.4,-168,-168.8,1,-6,,-5,-6,TWSE T86
2026-08-31,4137,麗豐-KY,-88.8,0.0,-4.5,-94,-93.3,-1,-7,,-6,-7,TWSE T86
2026-09-01,4137,麗豐-KY,-198.9,0.0,-2.3,-201,-201.2,0,-8,,-7,-8,TWSE T86
2026-09-02,4137,麗豐-KY,-72.0,-2.6,1.5,-73,-73.1,0,-9,-1,1,-9,TWSE T86
2026-09-03,4137,麗豐-KY,-101.8,1.1,-37.1,-138,-137.8,0,-10,1,-1,-10,TWSE T86
2026-09-04,4137,麗豐-KY,-37.6,-0.0,-25.1,-63,-62.8,0,-11,-1,-2,-11,TWSE T86
2026-09-07,4137,麗豐-KY,-77.2,4.6,-9.4,-81,-82.0,1,-12,1,-3,-12,TWSE T86
2026-09-08,4137,麗豐-KY,-5.3,0.0,-1.4,-6,-6.7,1,-13,,-4,-13,TWSE T86
2026-09-09,4137,麗豐-KY,-79.4,2.1,-1.0,-78,-78.3,0,-14,1,-5,-14,TWSE T86
2026-09-10,4137,麗豐-KY,-99.0,2.1,-1.0,-98,-97.9,0,-15,2,-6,-15,TWSE T86
2026-09-11,4137,麗豐-KY,-55.0,3.1,0.0,-52,-51.9,0,-16,3,1,-16,TWSE T86
2026-09-14,4137,麗豐-KY,-26.0,0.0,-0.0,-26,-26.0,0,-17,,-1,-17,TWSE T86
2026-09-15,4137,麗豐-KY,-25.0,3.1,-1.0,-23,-22.9,0,-18,1,-2,-18,TWSE T86
2026-09-16,4137,麗豐-KY,-10.0,2.2,0.8,-7,-6.9,0,-19,2,1,-19,TWSE T86
2026-09-17,4137,麗豐-KY,-11.0,4.3,-0.0,-7,-6.7,0,-20,3,-1,-20,TWSE T86
2026-09-18,4137,麗豐-KY,-1.0,6.9,5.7,12,11.5,0,-21,4,1,1,TWSE T86
2026-09-21,4137,麗豐-KY,-61.0,10.5,0.8,-49,-49.7,1,-22,5,2,-1,TWSE T86
2026-09-22,4137,麗豐-KY,-10.7,29.0,0.0,18,18.3,0,-23,6,,1,TWSE T86
2026-09-23,4137,麗豐-KY,-15.0,-10.4,0.1,-25,-25.4,0,-24,-1,1,-1,TWSE T86
2026-09-24,4137,麗豐-KY,-29.0,0.0,-0.1,-29,-29.1,0,-25,,-1,-2,TWSE T86
2026-08-07,00865B,國泰US短期公債,-43.0,0.0,-309.9,-353,-352.9,0,-1,,-1,-1,TWSE T86
2026-08-10,00865B,國泰US短期公債,-469.8,0.0,-926.4,-1396,-1396.2,0,-2,,-2,-2,TWSE T86
2026-08-11,00865B,國泰US短期公債,-94.0,0.0,-382.3,-476,-476.3,0,-3,,-3,-3,TWSE T86
2026-08-12,00865B,國泰US短期公債,-80.0,0.0,-1514.3,-1594,-1594.3,0,-4,,-4,-4,TWSE T86
2026-08-13,00865B,國泰US短期公債,-52.0,0.0,-749.6,-802,-801.6,0,-5,,-5,-5,TWSE T86
2026-08-14,00865B,國泰US短期公債,-3.0,0.0,-1997.3,-2000,-2000.3,0,-6,,-6,-6,TWSE T86
2026-08-17,00865B,國泰US短期公債,140.0,0.0,-1571.8,-1432,-1431.8,0,1,,-7,-7,TWSE T86
2026-08-18,00865B,國泰US短期公債,-705.0,0.0,-1567.4,-2272,-2272.4,0,-1,,-8,-8,TWSE T86
2026-08-19,00865B,國泰US短期公債,120.0,0.0,-492.4,-372,-372.4,0,1,,-9,-9,TWSE T86
2026-08-20,00865B,國泰US短期公債,140.1,0.0,-878.4,-738,-738.3,0,2,,-10,-10,TWSE T86
2026-08-21,00865B,國泰US短期公債,-248.0,0.0,-1927.0,-2175,-2175.0,0,-1,,-11,-11,TWSE T86
2026-08-24,00865B,國泰US短期公債,59.0,0.0,-3103.3,-3044,-3044.3,0,1,,-12,-12,TWSE T86
2026-08-25,00865B,國泰US短期公債,28.0,0.0,-676.3,-648,-648.3,0,2,,-13,-13,TWSE T86
2026-08-26,00865B,國泰US短期公債,2.0,0.0,-1054.0,-1052,-1052.0,0,3,,-14,-14,TWSE T86
2026-08-27,00865B,國泰US短期公債,-18.0,0.0,-2913.4,-2931,-2931.4,0,-1,,-15,-15,TWSE T86
2026-08-28,00865B,國泰US短期公債,-110.0,0.0,-1796.4,-1906,-1906.4,0,-2,,-16,-16,TWSE T86
2026-08-31,00865B,國泰US短期公債,171.0,0.0,-1125.6,-955,-954.6,0,1,,-17,-17,TWSE T86
2026-09-01,00865B,國泰US短期公債,-318.0,0.0,-1054.6,-1373,-1372.6,0,-1,,-18,-18,TWSE T86
2026-09-02,00865B,國泰US短期公債,24.0,0.0,-724.3,-700,-700.3,0,1,,-19,-19,TWSE T86
2026-09-03,00865B,國泰US短期公債,-462.0,0.0,-1588.4,-2050,-2050.4,0,-1,,-20,-20,TWSE T86
2026-09-04,00865B,國泰US短期公債,-171.0,0.0,-1205.6,-1377,-1376.6,0,-2,,-21,-21,TWSE T86
2026-09-07,00865B,國泰US短期公債,-2.0,0.0,-1920.3,-1922,-1922.3,0,-3,,-22,-22,TWSE T86
2026-09-08,00865B,國泰US短期公債,-390.1,0.0,-1727.2,-2117,-2117.3,0,-4,,-23,-23,TWSE T86
2026-09-09,00865B,國泰US短期公債,-71.0,0.0,-611.7,-683,-682.7,0,-5,,-24,-24,TWSE T86
2026-09-10,00865B,國泰US短期公債,9.0,0.0,-377.9,-369,-368.9,0,1,,-25,-25,TWSE T86
2026-09-11,00865B,國泰US短期公債,190.0,0.0,-171.5,18,18.5,0,2,,-26,1,TWSE T86
2026-09-14,00865B,國泰US短期公債,14.0,0.0,-132.1,-118,-118.1,0,3,,-27,-1,TWSE T86
2026-09-15,00865B,國泰US短期公債,78.0,0.0,-472.9,-395,-394.9,0,4,,-28,-2,TWSE T86
2026-09-16,00865B,國泰US短期公債,-500.9,0.0,-298.2,-799,-799.2,0,-1,,-29,-3,TWSE T86
2026-09-17,00865B,國泰US短期公債,545.0,0.0,-1956.2,-1411,-1411.2,0,1,,-30,-4,TWSE T86
2026-09-18,00865B,國泰US短期公債,-70.0,0.0,-1355.1,-1425,-1425.1,0,-1,,-31,-5,TWSE T86
2026-09-21,00865B,國泰US短期公債,-19.0,0.0,-364.3,-383,-383.3,0,-2,,-32,-6,TWSE T86
2026-09-22,00865B,國泰US短期公債,-588.0,0.0,-1495.5,-2083,-2083.4,0,-3,,-33,-7,TWSE T86
2026-09-23,00865B,國泰US短期公債,-1260.0,0.0,89.6,-1170,-1170.4,0,-4,,1,-8,TWSE T86
2026-09-24,00865B,國泰US短期公債,-594.0,0.0,-124.4,-718,-718.4,0,-5,,-1,-9,TWSE T86
2026-08-07,2412,中華電,1407.5,369.9,-27.0,1751,1750.4,1,1,1,-1,1,TWSE T86
2026-08-10,2412,中華電,-2512.0,-62.7,73.0,-2502,-2501.7,0,-1,-1,1,-1,TWSE T86
2026-08-11,2412,中華電,-1682.4,30.0,32.0,-1620,-1620.5,0,-2,1,2,-2,TWSE T86
2026-08-12,2412,中華電,-1239.7,-1975.0,29.0,-3186,-3185.7,0,-3,-1,3,-3,TWSE T86
2026-08-13,2412,中華電,-1966.0,-14.7,111.0,-1870,-1869.7,0,-4,-2,4,-4,TWSE T86
2026-08-14,2412,中華電,-4262.3,1508.9,7.0,-2746,-2746.4,0,-5,1,5,-5,TWSE T86
2026-08-17,2412,中華電,-1486.9,2113.3,46.0,672,672.4,0,-6,2,6,1,TWSE T86
2026-08-18,2412,中華電,-2004.9,4381.7,-49.0,2328,2327.7,0,-7,3,-1,2,TWSE T86
2026-08-19,2412,中華電,-1119.6,-63.0,-42.1,-1225,-1224.7,0,-8,-1,-2,-1,TWSE T86
2026-08-20,2412,中華電,265.9,24.0,-58.0,232,231.9,0,1,1,-3,1,TWSE T86
2026-08-21,2412,中華電,-645.3,12.6,57.4,-575,-575.3,0,-1,2,1,-1,TWSE T86
2026-08-24,2412,中華電,-1511.0,-0.7,28.0,-1484,-1483.7,0,-2,-1,2,-2,TWSE T86
2026-08-25,2412,中華電,881.1,46.7,21.0,949,948.8,0,1,1,3,1,TWSE T86
2026-08-26,2412,中華電,-1982.4,-3.2,115.0,-1870,-1870.6,1,-1,-1,4,-1,TWSE T86
2026-08-27,2412,中華電,-367.4,196.8,35.0,-135,-135.6,1,-2,1,5,-2,TWSE T86
2026-08-28,2412,中華電,-3945.1,236.2,19.0,-3690,-3689.8,0,-3,2,6,-3,TWSE T86
2026-08-31,2412,中華電,-535.6,189.9,-32.0,-378,-377.6,0,-4,3,-1,-4,TWSE T86
2026-09-01,2412,中華電,2171.8,-303.1,5.0,1874,1873.7,0,1,-1,1,1,TWSE T86
2026-09-02,2412,中華電,5224.7,119.2,-2.0,5342,5341.9,0,2,1,-1,2,TWSE T86
2026-09-03,2412,中華電,5233.5,-329.0,-27.0,4877,4877.5,0,3,-1,-2,3,TWSE T86
2026-09-04,2412,中華電,1584.2,167.0,91.0,1842,1842.2,0,4,1,1,4,TWSE T86
2026-09-07,2412,中華電,959.3,0.3,138.0,1097,1097.6,-1,5,2,2,5,TWSE T86
2026-09-08,2412,中華電,5816.8,-604.8,-92.2,5120,5119.8,0,6,-1,-1,6,TWSE T86
2026-09-09,2412,中華電,4571.0,898.4,-86.0,5383,5383.5,0,7,1,-2,7,TWSE T86
2026-09-10,2412,中華電,3915.0,99.3,-79.0,3935,3935.4,0,8,2,-3,8,TWSE T86
2026-09-11,2412,中華電,9937.0,113.3,-64.0,9986,9986.3,0,9,3,-4,9,TWSE T86
2026-09-14,2412,中華電,11848.7,87.0,-334.2,11602,11601.5,0,10,4,-5,10,TWSE T86
2026-09-15,2412,中華電,11835.6,-33.0,99.0,11902,11901.6,0,11,-1,1,11,TWSE T86
2026-09-16,2412,中華電,5858.8,-328.8,41.0,5571,5571.0,0,12,-2,2,12,TWSE T86
2026-09-17,2412,中華電,10044.2,-563.0,28.0,9509,9509.2,0,13,-3,3,13,TWSE T86
2026-09-18,2412,中華電,7428.9,-1132.3,425.0,6722,6721.6,0,14,-4,4,14,TWSE T86
2026-09-21,2412,中華電,1075.0,305.4,105.0,1485,1485.3,0,15,1,5,15,TWSE T86
2026-09-22,2412,中華電,2401.4,53.7,23.0,2478,2478.1,0,16,2,6,16,TWSE T86
2026-09-23,2412,中華電,3633.3,970.0,-12.0,4591,4591.3,0,17,3,-1,17,TWSE T86
2026-09-24,2412,中華電,2862.7,79.0,-194.0,2748,2747.6,0,18,4,-2,18,TWSE T86
2026-08-07,9919,康那香,118.0,0.0,1.0,119,119.0,0,1,,1,1,TWSE T86
2026-08-10,9919,康那香,-10.9,0.0,1.0,-10,-9.9,0,-1,,2,-1,TWSE T86
2026-08-11,9919,康那香,-7.0,0.0,0.0,-7,-7.0,0,-2,,,-2,TWSE T86
2026-08-12,9919,康那香,113.1,0.0,0.0,113,113.1,0,1,,,1,TWSE T86
2026-08-13,9919,康那香,0.0,0.0,3.0,3,3.0,0,,,1,2,TWSE T86
2026-08-14,9919,康那香,-47.0,0.0,-21.0,-68,-68.0,0,-1,,-1,-1,TWSE T86
2026-08-17,9919,康那香,10.0,0.0,1.0,11,11.0,0,1,,1,1,TWSE T86
2026-08-18,9919,康那香,27.0,0.0,0.0,27,27.0,0,2,,,2,TWSE T86
2026-08-19,9919,康那香,70.0,0.0,0.0,70,70.0,0,3,,,3,TWSE T86
2026-08-20,9919,康那香,46.0,0.0,0.0,46,46.0,0,4,,,4,TWSE T86
2026-08-21,9919,康那香,55.0,0.0,2.0,57,57.0,0,5,,1,5,TWSE T86
2026-08-24,9919,康那香,85.0,0.0,0.0,85,85.0,0,6,,,6,TWSE T86
2026-08-25,9919,康那香,51.0,0.0,0.0,51,51.0,0,7,,,7,TWSE T86
2026-08-26,9919,康那香,50.0,0.0,5.0,55,55.0,0,8,,1,8,TWSE T86
2026-08-27,9919,康那香,98.0,0.0,0.0,98,98.0,0,9,,,9,TWSE T86
2026-08-28,9919,康那香,101.0,0.0,23.0,124,124.0,0,10,,1,10,TWSE T86
2026-08-31,9919,康那香,49.0,0.0,-2.0,47,47.0,0,11,,-1,11,TWSE T86
2026-09-01,9919,康那香,19.0,0.0,1.0,20,20.0,0,12,,1,12,TWSE T86
2026-09-02,9919,康那香,11.0,0.0,0.0,11,11.0,0,13,,,13,TWSE T86
2026-09-03,9919,康那香,35.0,0.0,0.0,35,35.0,0,14,,,14,TWSE T86
2026-09-04,9919,康那香,82.0,0.0,1.0,83,83.0,0,15,,1,15,TWSE T86
2026-09-07,9919,康那香,33.0,0.0,6.0,39,39.0,0,16,,2,16,TWSE T86
2026-09-08,9919,康那香,57.2,0.0,-3.0,54,54.2,0,17,,-1,17,TWSE T86
2026-09-09,9919,康那香,85.0,0.0,-2.0,83,83.0,0,18,,-2,18,TWSE T86
2026-09-10,9919,康那香,19.0,0.0,-2.0,17,17.0,0,19,,-3,19,TWSE T86
2026-09-11,9919,康那香,21.0,0.0,1.0,22,22.0,0,20,,1,20,TWSE T86
2026-09-14,9919,康那香,19.0,0.0,0.0,19,19.0,0,21,,,21,TWSE T86
2026-09-15,9919,康那香,2.0,0.0,3.0,5,5.0,0,22,,1,22,TWSE T86
2026-09-16,9919,康那香,17.0,0.0,0.0,17,17.0,0,23,,,23,TWSE T86
2026-09-17,9919,康那香,46.0,0.0,1.0,47,47.0,0,24,,1,24,TWSE T86
2026-09-18,9919,康那香,40.0,0.0,8.0,48,48.0,0,25,,2,25,TWSE T86
2026-09-21,9919,康那香,80.0,0.0,2.0,82,82.0,0,26,,3,26,TWSE T86
2026-09-22,9919,康那香,54.0,0.0,0.0,54,54.0,0,27,,,27,TWSE T86
2026-09-23,9919,康那香,22.0,0.0,0.0,22,22.0,0,28,,,28,TWSE T86
2026-09-24,9919,康那香,-8.0,0.0,0.0,-8,-8.0,0,-1,,,-1,TWSE T86
2026-08-07,00898,國泰基因免疫革命,1613.0,0.0,-103.0,1510,1510.0,0,1,,-1,1,TWSE T86
2026-08-10,00898,國泰基因免疫革命,4194.0,0.0,301.2,4495,4495.2,0,2,,1,2,TWSE T86
2026-08-11,00898,國泰基因免疫革命,387.0,0.0,1838.9,2226,2225.9,0,3,,2,3,TWSE T86
2026-08-12,00898,國泰基因免疫革命,1644.0,0.0,90.0,1734,1734.0,0,4,,3,4,TWSE T86
2026-08-13,00898,國泰基因免疫革命,1841.0,0.0,67.2,1908,1908.2,0,5,,4,5,TWSE T86
2026-08-14,00898,國泰基因免疫革命,871.0,0.0,117.8,989,988.8,0,6,,5,6,TWSE T86
2026-08-17,00898,國泰基因免疫革命,225.0,0.0,292.4,517,517.4,0,7,,6,7,TWSE T86
2026-08-18,00898,國泰基因免疫革命,0.0,0.0,1043.5,1043,1043.5,0,,,7,8,TWSE T86
2026-08-19,00898,國泰基因免疫革命,-2.0,0.0,606.9,605,604.9,0,-1,,8,9,TWSE T86
2026-08-20,00898,國泰基因免疫革命,2070.0,0.0,940.8,3011,3010.8,0,1,,9,10,TWSE T86
2026-08-21,00898,國泰基因免疫革命,128.0,0.0,317.2,445,445.2,0,2,,10,11,TWSE T86
2026-08-24,00898,國泰基因免疫革命,141.0,0.0,518.5,659,659.5,0,3,,11,12,TWSE T86
2026-08-25,00898,國泰基因免疫革命,303.0,0.0,-97.5,206,205.5,0,4,,-1,13,TWSE T86
2026-08-26,00898,國泰基因免疫革命,610.0,0.0,866.7,1477,1476.7,0,5,,1,14,TWSE T86
2026-08-27,00898,國泰基因免疫革命,342.3,0.0,-75.3,267,267.0,0,6,,-1,15,TWSE T86
2026-08-28,00898,國泰基因免疫革命,154.0,0.0,252.3,406,406.3,0,7,,1,16,TWSE T86
2026-08-31,00898,國泰基因免疫革命,-19.0,0.0,-228.2,-247,-247.2,0,-1,,-1,-1,TWSE T86
2026-09-01,00898,國泰基因免疫革命,187.0,0.0,-38.0,149,149.0,0,1,,-2,1,TWSE T86
2026-09-02,00898,國泰基因免疫革命,162.0,0.0,-210.9,-49,-48.9,0,2,,-3,-1,TWSE T86
2026-09-03,00898,國泰基因免疫革命,174.0,0.0,155.0,329,329.0,0,3,,1,1,TWSE T86
2026-09-04,00898,國泰基因免疫革命,562.0,0.0,331.7,894,893.7,0,4,,2,2,TWSE T86
2026-09-07,00898,國泰基因免疫革命,152.0,0.0,43.0,195,195.0,0,5,,3,3,TWSE T86
2026-09-08,00898,國泰基因免疫革命,56.0,0.0,100.5,157,156.6,0,6,,4,4,TWSE T86
2026-09-09,00898,國泰基因免疫革命,198.0,0.0,-134.1,64,63.9,0,7,,-1,5,TWSE T86
2026-09-10,00898,國泰基因免疫革命,203.0,0.0,621.1,824,824.1,0,8,,1,6,TWSE T86
2026-09-11,00898,國泰基因免疫革命,180.0,0.0,76.2,256,256.2,0,9,,2,7,TWSE T86
2026-09-14,00898,國泰基因免疫革命,32.0,0.0,95.0,127,127.0,0,10,,3,8,TWSE T86
2026-09-15,00898,國泰基因免疫革命,47.0,0.0,3.7,51,50.7,0,11,,4,9,TWSE T86
2026-09-16,00898,國泰基因免疫革命,295.0,0.0,134.5,430,429.5,0,12,,5,10,TWSE T86
2026-09-17,00898,國泰基因免疫革命,1283.0,0.0,-161.0,1122,1122.0,0,13,,-1,11,TWSE T86
2026-09-18,00898,國泰基因免疫革命,831.0,0.0,1183.0,2014,2014.0,0,14,,1,12,TWSE T86
2026-09-21,00898,國泰基因免疫革命,903.0,0.0,-50.5,852,852.5,0,15,,-1,13,TWSE T86
2026-09-22,00898,國泰基因免疫革命,487.0,0.0,16.0,503,503.0,0,16,,1,14,TWSE T86
2026-09-23,00898,國泰基因免疫革命,312.0,0.0,748.6,1061,1060.6,0,17,,2,15,TWSE T86
2026-09-24,00898,國泰基因免疫革命,197.0,0.0,-61.1,136,135.9,0,18,,-1,16,TWSE T86
2026-08-07,8112,至上,8478.0,-49.6,132.9,8561,8561.3,0,1,-1,1,1,TWSE T86
2026-08-10,8112,至上,3924.1,0.0,-254.3,3670,3669.8,0,2,,-1,2,TWSE T86
2026-08-11,8112,至上,33079.1,-5.2,551.3,33625,33625.2,0,3,-1,1,3,TWSE T86
2026-08-12,8112,至上,-7357.9,217.3,-445.6,-7587,-7586.3,-1,-1,1,-1,-1,TWSE T86
2026-08-13,8112,至上,5837.5,0.0,-69.4,5769,5768.1,1,1,,-2,1,TWSE T86
2026-08-14,8112,至上,-4579.6,390.0,-343.4,-4533,-4533.0,0,-1,1,-3,-1,TWSE T86
2026-08-17,8112,至上,-5790.1,166.0,-97.2,-5721,-5721.4,0,-2,2,-4,-2,TWSE T86
2026-08-18,8112,至上,-3043.7,55.0,-120.9,-3110,-3109.6,0,-3,3,-5,-3,TWSE T86
2026-08-19,8112,至上,-843.7,0.0,-70.8,-915,-914.5,-1,-4,,-6,-4,TWSE T86
2026-08-20,8112,至上,566.5,832.0,439.0,1837,1837.4,0,1,1,1,1,TWSE T86
2026-08-21,8112,至上,869.1,2.0,-707.0,164,164.0,0,2,2,-1,2,TWSE T86
2026-08-24,8112,至上,7548.0,0.0,211.2,7759,7759.2,0,3,,1,3,TWSE T86
2026-08-25,8112,至上,-2823.3,2.0,-274.6,-3096,-3095.9,0,-1,1,-1,-1,TWSE T86
2026-08-26,8112,至上,-2992.6,-15.0,-177.8,-3186,-3185.4,-1,-2,-1,-2,-2,TWSE T86
2026-08-27,8112,至上,-1851.8,-12.0,-276.5,-2141,-2140.3,-1,-3,-2,-3,-3,TWSE T86
2026-08-28,8112,至上,-3831.4,-15.0,-74.1,-3920,-3920.5,1,-4,-3,-4,-4,TWSE T86
2026-08-31,8112,至上,-1104.8,0.0,-86.4,-1191,-1191.1,0,-5,,-5,-5,TWSE T86
2026-09-01,8112,至上,-1764.8,130.0,71.0,-1564,-1563.7,0,-6,1,1,-6,TWSE T86
2026-09-02,8112,至上,-3467.1,-20.0,-1.0,-3488,-3488.1,0,-7,-1,-1,-7,TWSE T86
2026-09-03,8112,至上,-4281.6,0.0,6.5,-4276,-4275.2,-1,-8,,1,-8,TWSE T86
2026-09-04,8112,至上,-1420.1,100.0,59.9,-1260,-1260.2,0,-9,1,2,-9,TWSE T86
2026-09-07,8112,至上,-1493.0,-11.0,39.1,-1465,-1464.9,0,-10,-1,3,-10,TWSE T86
2026-09-08,8112,至上,-2521.0,100.0,-26.0,-2447,-2446.9,0,-11,1,-1,-11,TWSE T86
2026-09-09,8112,至上,-9362.1,1986.0,58.6,-7317,-7317.4,0,-12,2,1,-12,TWSE T86
2026-09-10,8112,至上,-1866.1,0.0,-5.4,-1871,-1871.5,0,-13,,-1,-13,TWSE T86
2026-09-11,8112,至上,-1117.4,0.0,59.0,-1058,-1058.4,0,-14,,1,-14,TWSE T86
2026-09-14,8112,至上,-955.6,0.0,-36.2,-992,-991.8,0,-15,,-1,-15,TWSE T86
2026-09-15,8112,至上,-1843.8,100.0,-62.2,-1806,-1806.0,0,-16,1,-2,-16,TWSE T86
2026-09-16,8112,至上,-2668.3,13.8,-362.2,-3016,-3016.7,1,-17,2,-3,-17,TWSE T86
2026-09-17,8112,至上,-1451.1,0.0,-2.2,-1453,-1453.3,0,-18,,-4,-18,TWSE T86
2026-09-18,8112,至上,-1725.8,0.0,50.0,-1676,-1675.8,0,-19,,1,-19,TWSE T86
2026-09-21,8112,至上,-1121.1,1.0,-5.5,-1126,-1125.6,0,-20,1,-1,-20,TWSE T86
2026-09-22,8112,至上,-3578.5,0.0,-23.7,-3603,-3602.2,-1,-21,,-2,-21,TWSE T86
2026-09-23,8112,至上,-1199.6,495.0,-53.1,-758,-757.7,0,-22,1,-3,-22,TWSE T86
2026-09-24,8112,至上,-773.6,359.0,-23.1,-438,-437.7,0,-23,2,-4,-23,TWSE T86
2026-08-07,3052,夆典,-21.0,0.0,0.0,-21,-21.0,0,-1,,,-1,TWSE T86
2026-08-10,3052,夆典,-5.0,0.0,0.0,-5,-5.0,0,-2,,,-2,TWSE T86
2026-08-11,3052,夆典,131.0,0.0,0.0,131,131.0,0,1,,,1,TWSE T86
2026-08-12,3052,夆典,31.0,0.0,0.0,31,31.0,0,2,,,2,TWSE T86
2026-08-13,3052,夆典,580.0,0.0,1.0,581,581.0,0,3,,1,3,TWSE T86
2026-08-14,3052,夆典,114.0,0.0,4.0,118,118.0,0,4,,2,4,TWSE T86
2026-08-17,3052,夆典,28.0,0.0,1.0,29,29.0,0,5,,3,5,TWSE T86
2026-08-18,3052,夆典,-30.0,0.0,0.0,-30,-30.0,0,-1,,,-1,TWSE T86
2026-08-19,3052,夆典,27.0,0.0,0.0,27,27.0,0,1,,,1,TWSE T86
2026-08-20,3052,夆典,-92.0,0.0,0.0,-92,-92.0,0,-1,,,-1,TWSE T86
2026-08-21,3052,夆典,57.0,0.0,0.0,57,57.0,0,1,,,1,TWSE T86
2026-08-24,3052,夆典,162.0,0.0,2.0,164,164.0,0,2,,1,2,TWSE T86
2026-08-25,3052,夆典,143.0,0.0,24.0,167,167.0,0,3,,2,3,TWSE T86
2026-08-26,3052,夆典,10.7,0.0,-27.0,-16,-16.3,0,4,,-1,-1,TWSE T86
2026-08-27,3052,夆典,81.0,0.0,0.0,81,81.0,0,5,,,1,TWSE T86
2026-08-28,3052,夆典,-184.0,0.0,0.0,-184,-184.0,0,-1,,,-1,TWSE T86
2026-08-31,3052,夆典,-167.0,0.0,0.0,-167,-167.0,0,-2,,,-2,TWSE T86
2026-09-01,3052,夆典,-52.0,0.0,1.0,-51,-51.0,0,-3,,1,-3,TWSE T86
2026-09-02,3052,夆典,-225.0,0.0,0.0,-225,-225.0,0,-4,,,-4,TWSE T86
2026-09-03,3052,夆典,-52.0,0.0,0.0,-52,-52.0,0,-5,,,-5,TWSE T86
2026-09-04,3052,夆典,-141.0,0.0,0.0,-141,-141.0,0,-6,,,-6,TWSE T86
2026-09-07,3052,夆典,-4.2,0.0,0.0,-4,-4.2,0,-7,,,-7,TWSE T86
2026-09-08,3052,夆典,-46.6,0.0,0.0,-47,-46.6,0,-8,,,-8,TWSE T86
2026-09-09,3052,夆典,-3.0,0.0,-1.0,-4,-4.0,0,-9,,-1,-9,TWSE T86
2026-09-10,3052,夆典,-9.0,0.0,0.0,-9,-9.0,0,-10,,,-10,TWSE T86
2026-09-11,3052,夆典,-55.0,0.0,3.0,-52,-52.0,0,-11,,1,-11,TWSE T86
2026-09-14,3052,夆典,-48.0,0.0,0.0,-48,-48.0,0,-12,,,-12,TWSE T86
2026-09-15,3052,夆典,-45.0,0.0,0.0,-45,-45.0,0,-13,,,-13,TWSE T86
2026-09-16,3052,夆典,-28.0,0.0,0.0,-28,-28.0,0,-14,,,-14,TWSE T86
2026-09-17,3052,夆典,-7.0,0.0,2.0,-5,-5.0,0,-15,,1,-15,TWSE T86
2026-09-18,3052,夆典,-34.0,0.0,3.0,-31,-31.0,0,-16,,2,-16,TWSE T86
2026-09-21,3052,夆典,-34.0,0.0,2.0,-32,-32.0,0,-17,,3,-17,TWSE T86
2026-09-22,3052,夆典,-10.0,0.0,0.0,-10,-10.0,0,-18,,,-18,TWSE T86
2026-09-23,3052,夆典,-38.0,0.0,0.0,-38,-38.0,0,-19,,,-19,TWSE T86
2026-09-24,3052,夆典,-39.0,0.0,0.0,-39,-39.0,0,-20,,,-20,TWSE T86
2026-08-07,5533,皇鼎,73.0,0.0,-12.0,61,61.0,0,1,,-1,1,TWSE T86
2026-08-10,5533,皇鼎,-4.0,0.0,0.0,-4,-4.0,0,-1,,,-1,TWSE T86
2026-08-11,5533,皇鼎,-7.0,0.0,0.0,-7,-7.0,0,-2,,,-2,TWSE T86
2026-08-12,5533,皇鼎,-84.0,0.0,5.0,-79,-79.0,0,-3,,1,-3,TWSE T86
2026-08-13,5533,皇鼎,-155.0,0.0,1.0,-154,-154.0,0,-4,,2,-4,TWSE T86
2026-08-14,5533,皇鼎,-8.0,0.0,9.0,1,1.0,0,-5,,3,1,TWSE T86
2026-08-17,5533,皇鼎,-56.0,0.0,1.0,-55,-55.0,0,-6,,4,-1,TWSE T86
2026-08-18,5533,皇鼎,-34.0,0.0,0.0,-34,-34.0,0,-7,,,-2,TWSE T86
2026-08-19,5533,皇鼎,-125.0,0.0,0.0,-125,-125.0,0,-8,,,-3,TWSE T86
2026-08-20,5533,皇鼎,-20.0,0.0,0.0,-20,-20.0,0,-9,,,-4,TWSE T86
2026-08-21,5533,皇鼎,-29.0,0.0,0.0,-29,-29.0,0,-10,,,-5,TWSE T86
2026-08-24,5533,皇鼎,-64.0,0.0,0.0,-64,-64.0,0,-11,,,-6,TWSE T86
2026-08-25,5533,皇鼎,-60.0,0.0,0.0,-60,-60.0,0,-12,,,-7,TWSE T86
2026-08-26,5533,皇鼎,-3.0,0.0,3.0,0,0.0,0,-13,,1,,TWSE T86
2026-08-27,5533,皇鼎,-65.0,0.0,-13.0,-78,-78.0,0,-14,,-1,-1,TWSE T86
2026-08-28,5533,皇鼎,-75.0,0.0,0.0,-75,-75.0,0,-15,,,-2,TWSE T86
2026-08-31,5533,皇鼎,-17.0,0.0,0.0,-17,-17.0,0,-16,,,-3,TWSE T86
2026-09-01,5533,皇鼎,-2.0,0.0,-7.0,-9,-9.0,0,-17,,-1,-4,TWSE T86
2026-09-02,5533,皇鼎,-9.0,0.0,0.0,-9,-9.0,0,-18,,,-5,TWSE T86
2026-09-03,5533,皇鼎,-28.0,0.0,0.0,-28,-28.0,0,-19,,,-6,TWSE T86
2026-09-04,5533,皇鼎,-25.0,0.0,0.0,-25,-25.0,0,-20,,,-7,TWSE T86
2026-09-07,5533,皇鼎,-14.0,0.0,0.0,-14,-14.0,0,-21,,,-8,TWSE T86
2026-09-08,5533,皇鼎,-21.3,0.0,0.0,-21,-21.3,0,-22,,,-9,TWSE T86
2026-09-09,5533,皇鼎,-27.0,0.0,0.0,-27,-27.0,0,-23,,,-10,TWSE T86
2026-09-10,5533,皇鼎,-85.0,0.0,0.0,-85,-85.0,0,-24,,,-11,TWSE T86
2026-09-11,5533,皇鼎,-21.0,0.0,-14.0,-35,-35.0,0,-25,,-1,-12,TWSE T86
2026-09-14,5533,皇鼎,-69.0,0.0,10.0,-59,-59.0,0,-26,,1,-13,TWSE T86
2026-09-15,5533,皇鼎,-11.0,0.0,0.0,-11,-11.0,0,-27,,,-14,TWSE T86
2026-09-16,5533,皇鼎,-120.0,0.0,0.0,-120,-120.0,0,-28,,,-15,TWSE T86
2026-09-17,5533,皇鼎,-11.0,0.0,1.0,-10,-10.0,0,-29,,1,-16,TWSE T86
2026-09-18,5533,皇鼎,8.0,0.0,4.0,12,12.0,0,1,,2,1,TWSE T86
2026-09-21,5533,皇鼎,6.0,0.0,3.0,9,9.0,0,2,,3,2,TWSE T86
2026-09-22,5533,皇鼎,-25.0,0.0,0.0,-25,-25.0,0,-1,,,-1,TWSE T86
2026-09-23,5533,皇鼎,-9.0,0.0,0.0,-9,-9.0,0,-2,,,-2,TWSE T86
2026-09-24,5533,皇鼎,-12.0,0.0,0.0,-12,-12.0,0,-3,,,-3,TWSE T86
2026-08-07,5388,中磊,45.4,1.5,220.3,266,267.2,-1,1,1,1,1,TWSE T86
2026-08-10,5388,中磊,1076.9,0.0,206.2,1283,1283.1,0,2,,2,2,TWSE T86
2026-08-11,5388,中磊,-510.5,0.8,-132.4,-642,-642.2,0,-1,1,-1,-1,TWSE T86
2026-08-12,5388,中磊,-13695.7,0.0,-31.2,-13727,-13726.9,0,-2,,-2,-2,TWSE T86
2026-08-13,5388,中磊,-4804.3,-372.0,222.4,-4954,-4953.9,0,-3,-1,1,-3,TWSE T86
2026-08-14,5388,中磊,-5640.9,0.0,74.5,-5566,-5566.4,0,-4,,2,-4,TWSE T86
2026-08-17,5388,中磊,-2137.4,0.0,-22.5,-2159,-2159.9,1,-5,,-1,-5,TWSE T86
2026-08-18,5388,中磊,-2550.9,0.0,-10.5,-2561,-2561.3,0,-6,,-2,-6,TWSE T86
2026-08-19,5388,中磊,-1749.0,0.0,103.4,-1646,-1645.6,0,-7,,1,-7,TWSE T86
2026-08-20,5388,中磊,-2769.2,0.0,3.0,-2766,-2766.2,0,-8,,2,-8,TWSE T86
2026-08-21,5388,中磊,-1223.0,0.0,-30.4,-1253,-1253.3,0,-9,,-1,-9,TWSE T86
2026-08-24,5388,中磊,-1034.7,0.0,0.9,-1034,-1033.8,0,-10,,1,-10,TWSE T86
2026-08-25,5388,中磊,-1550.7,0.0,-23.3,-1574,-1574.0,0,-11,,-1,-11,TWSE T86
2026-08-26,5388,中磊,-803.0,0.0,41.8,-761,-761.2,0,-12,,1,-12,TWSE T86
2026-08-27,5388,中磊,-529.0,0.0,23.4,-506,-505.6,0,-13,,2,-13,TWSE T86
2026-08-28,5388,中磊,-601.3,0.0,-15.5,-616,-616.8,1,-14,,-1,-14,TWSE T86
2026-08-31,5388,中磊,-832.2,0.0,-132.5,-964,-964.7,1,-15,,-2,-15,TWSE T86
2026-09-01,5388,中磊,-946.6,0.0,-81.9,-1029,-1028.5,-1,-16,,-3,-16,TWSE T86
2026-09-02,5388,中磊,-671.4,0.0,-1.5,-673,-672.9,0,-17,,-4,-17,TWSE T86
2026-09-03,5388,中磊,-2761.7,0.0,14.6,-2747,-2747.1,0,-18,,1,-18,TWSE T86
2026-09-04,5388,中磊,-511.7,0.0,-7.4,-519,-519.1,0,-19,,-1,-19,TWSE T86
2026-09-07,5388,中磊,-551.0,0.0,65.6,-485,-485.4,0,-20,,1,-20,TWSE T86
2026-09-08,5388,中磊,-1438.4,0.0,-475.1,-1913,-1913.5,1,-21,,-1,-21,TWSE T86
2026-09-09,5388,中磊,-363.4,0.0,-106.5,-470,-469.9,0,-22,,-2,-22,TWSE T86
2026-09-10,5388,中磊,-782.0,0.0,-252.3,-1034,-1034.3,0,-23,,-3,-23,TWSE T86
2026-09-11,5388,中磊,-179.9,0.0,-38.7,-219,-218.6,0,-24,,-4,-24,TWSE T86
2026-09-14,5388,中磊,-120.3,0.0,-23.1,-143,-143.4,0,-25,,-5,-25,TWSE T86
2026-09-15,5388,中磊,20.9,0.0,48.4,69,69.3,0,1,,1,1,TWSE T86
2026-09-16,5388,中磊,-63.0,-1.3,-7.5,-71,-71.8,1,-1,-1,-1,-1,TWSE T86
2026-09-17,5388,中磊,694.0,0.0,11.2,705,705.2,0,1,,1,1,TWSE T86
2026-09-18,5388,中磊,-617.6,0.0,3.6,-614,-614.1,0,-1,,2,-1,TWSE T86
2026-09-21,5388,中磊,-456.0,0.0,3.8,-452,-452.2,0,-2,,3,-2,TWSE T86
2026-09-22,5388,中磊,-584.6,0.0,-8.4,-593,-593.0,0,-3,,-1,-3,TWSE T86
2026-09-23,5388,中磊,80.4,0.0,27.5,108,107.9,0,1,,1,1,TWSE T86
2026-09-24,5388,中磊,-446.8,0.0,331.2,-116,-115.6,0,-1,,2,-1,TWSE T86
2026-08-07,2353,宏碁,-2280.8,122.4,175.6,-1983,-1982.8,0,-1,1,1,-1,TWSE T86
2026-08-10,2353,宏碁,9892.2,100.5,101.1,10093,10093.8,-1,1,2,2,1,TWSE T86
2026-08-11,2353,宏碁,1109.3,93.2,-385.0,817,817.5,0,2,3,-1,2,TWSE T86
2026-08-12,2353,宏碁,10521.2,-153.2,1273.2,11641,11641.3,0,3,-1,1,3,TWSE T86
2026-08-13,2353,宏碁,7059.6,224.5,30.0,7314,7314.1,0,4,1,2,4,TWSE T86
2026-08-14,2353,宏碁,11128.4,-335.8,2310.4,13102,13103.0,-1,5,-1,3,5,TWSE T86
2026-08-17,2353,宏碁,-13548.3,549.3,-976.0,-13975,-13974.9,0,-1,1,-1,-1,TWSE T86
2026-08-18,2353,宏碁,-3571.9,186.2,163.7,-3222,-3222.1,0,-2,2,1,-2,TWSE T86
2026-08-19,2353,宏碁,2130.2,24.0,264.8,2419,2419.0,0,1,3,2,1,TWSE T86
2026-08-20,2353,宏碁,1122.1,-3.0,-53.7,1065,1065.4,0,2,-1,-1,2,TWSE T86
2026-08-21,2353,宏碁,-1775.0,41.0,-66.1,-1800,-1800.1,0,-1,1,-2,-1,TWSE T86
2026-08-24,2353,宏碁,7345.7,22.0,194.1,7562,7561.8,0,1,2,1,1,TWSE T86
2026-08-25,2353,宏碁,-485.1,42.2,52.0,-391,-390.9,0,-1,3,2,-1,TWSE T86
2026-08-26,2353,宏碁,4017.1,-16.4,227.1,4228,4227.9,0,1,-1,3,1,TWSE T86
2026-08-27,2353,宏碁,405.0,5.6,-228.6,182,182.0,0,2,1,-1,2,TWSE T86
2026-08-28,2353,宏碁,-2194.5,-22.0,-216.7,-2433,-2433.2,0,-1,-1,-2,-1,TWSE T86
2026-08-31,2353,宏碁,4039.7,923.0,-176.0,4787,4786.7,0,1,1,-3,1,TWSE T86
2026-09-01,2353,宏碁,1293.8,2850.5,5.2,4149,4149.4,0,2,2,1,2,TWSE T86
2026-09-02,2353,宏碁,2434.7,2520.6,-109.2,4847,4846.0,1,3,3,-1,3,TWSE T86
2026-09-03,2353,宏碁,-4636.6,561.0,-554.1,-4630,-4629.7,0,-1,4,-2,-1,TWSE T86
2026-09-04,2353,宏碁,14303.5,165.0,587.7,15056,15056.1,0,1,5,1,1,TWSE T86
2026-09-07,2353,宏碁,-15924.7,1431.4,-23.9,-14518,-14517.2,-1,-1,6,-1,-1,TWSE T86
2026-09-08,2353,宏碁,-14607.9,150.0,-676.4,-15134,-15134.2,0,-2,7,-2,-2,TWSE T86
2026-09-09,2353,宏碁,7398.3,97.5,-205.6,7289,7290.2,-1,1,8,-3,1,TWSE T86
2026-09-10,2353,宏碁,-622.0,96.6,-330.5,-855,-855.9,1,-1,9,-4,-1,TWSE T86
2026-09-11,2353,宏碁,-362.0,240.3,-31.3,-153,-153.0,0,-2,10,-5,-2,TWSE T86
2026-09-14,2353,宏碁,4348.9,341.0,-525.1,4165,4164.7,0,1,11,-6,1,TWSE T86
2026-09-15,2353,宏碁,-2088.8,236.0,-306.5,-2159,-2159.2,0,-1,12,-7,-1,TWSE T86
2026-09-16,2353,宏碁,5967.0,1007.0,4692.9,11667,11667.0,0,1,13,1,1,TWSE T86
2026-09-17,2353,宏碁,7032.1,814.0,276.3,8122,8122.4,0,2,14,2,2,TWSE T86
2026-09-18,2353,宏碁,-2255.4,37.3,368.1,-1850,-1850.0,0,-1,15,3,-1,TWSE T86
2026-09-21,2353,宏碁,3290.2,44.2,-708.1,2626,2626.4,0,1,16,-1,1,TWSE T86
2026-09-22,2353,宏碁,-9622.7,102.8,-130.6,-9651,-9650.5,0,-1,17,-2,-1,TWSE T86
2026-09-23,2353,宏碁,-81.8,113.0,957.1,988,988.4,0,-2,18,1,1,TWSE T86
2026-09-24,2353,宏碁,869.7,94.0,376.6,1341,1340.3,1,1,19,2,2,TWSE T86
2026-08-07,9910,豐泰,152.8,54.0,5.5,212,212.3,0,1,1,1,1,TWSE T86
2026-08-10,9910,豐泰,353.1,51.0,29.6,434,433.7,0,2,2,2,2,TWSE T86
2026-08-11,9910,豐泰,1170.7,54.2,0.0,1225,1225.0,0,3,3,,3,TWSE T86
2026-08-12,9910,豐泰,422.0,34.0,-0.7,455,455.3,0,4,4,-1,4,TWSE T86
2026-08-13,9910,豐泰,-64.3,116.2,-21.3,31,30.5,0,-1,5,-2,5,TWSE T86
2026-08-14,9910,豐泰,199.6,53.2,-14.4,239,238.4,1,1,6,-3,6,TWSE T86
2026-08-17,9910,豐泰,476.3,269.0,-291.0,454,454.3,0,2,7,-4,7,TWSE T86
2026-08-18,9910,豐泰,-262.9,99.0,-8.3,-172,-172.1,0,-1,8,-5,-1,TWSE T86
2026-08-19,9910,豐泰,983.4,16.0,-99.7,899,899.7,-1,1,9,-6,1,TWSE T86
2026-08-20,9910,豐泰,885.3,0.0,2.3,887,887.6,-1,2,,1,2,TWSE T86
2026-08-21,9910,豐泰,295.2,7.0,14.3,316,316.5,0,3,1,2,3,TWSE T86
2026-08-24,9910,豐泰,365.4,14.0,2.3,381,381.7,-1,4,2,3,4,TWSE T86
2026-08-25,9910,豐泰,-78.4,25.0,-0.1,-53,-53.5,1,-1,3,-1,-1,TWSE T86
2026-08-26,9910,豐泰,-1312.3,13.0,7.7,-1291,-1291.6,1,-2,4,1,-2,TWSE T86
2026-08-27,9910,豐泰,-30.9,0.0,1.6,-29,-29.4,0,-3,,2,-3,TWSE T86
2026-08-28,9910,豐泰,-48.8,0.0,-0.3,-49,-49.0,0,-4,,-1,-4,TWSE T86
2026-08-31,9910,豐泰,-395.0,18.0,44.8,-332,-332.1,0,-5,1,1,-5,TWSE T86
2026-09-01,9910,豐泰,186.4,120.0,4.2,310,310.6,-1,1,2,2,1,TWSE T86
2026-09-02,9910,豐泰,72.5,9.0,11.9,94,93.5,1,2,3,3,2,TWSE T86
2026-09-03,9910,豐泰,25.7,39.0,-2.0,63,62.8,0,3,4,-1,3,TWSE T86
2026-09-04,9910,豐泰,527.2,51.1,10.0,588,588.3,0,4,5,1,4,TWSE T86
2026-09-07,9910,豐泰,436.4,187.0,53.9,677,677.3,0,5,6,2,5,TWSE T86
2026-09-08,9910,豐泰,1807.5,64.8,-26.0,1847,1846.3,1,6,7,-1,6,TWSE T86
2026-09-09,9910,豐泰,-571.7,15.0,-7.7,-565,-564.4,-1,-1,8,-2,-1,TWSE T86
2026-09-10,9910,豐泰,-110.5,53.0,25.9,-31,-31.6,1,-2,9,1,-2,TWSE T86
2026-09-11,9910,豐泰,-526.3,118.6,8.1,-399,-399.6,1,-3,10,2,-3,TWSE T86
2026-09-14,9910,豐泰,-104.2,57.8,3.4,-43,-43.0,0,-4,11,3,-4,TWSE T86
2026-09-15,9910,豐泰,198.2,112.8,18.8,330,329.8,0,1,12,4,1,TWSE T86
2026-09-16,9910,豐泰,-753.1,626.2,-21.4,-148,-148.3,0,-1,13,-1,-1,TWSE T86
2026-09-17,9910,豐泰,117.9,479.0,-6.0,591,590.9,0,1,14,-2,1,TWSE T86
2026-09-18,9910,豐泰,-343.8,473.0,54.0,183,183.2,0,-1,15,1,2,TWSE T86
2026-09-21,9910,豐泰,0.8,32.0,10.0,43,42.8,0,1,16,2,3,TWSE T86
2026-09-22,9910,豐泰,111.0,78.0,-0.8,188,188.3,0,2,17,-1,4,TWSE T86
2026-09-23,9910,豐泰,997.2,70.0,1.6,1069,1068.7,0,3,18,1,5,TWSE T86
2026-09-24,9910,豐泰,-73.1,55.0,0.1,-18,-18.0,0,-1,19,2,-1,TWSE T86
2026-08-07,2542,興富發,119.0,509.0,47.7,676,675.7,0,1,1,1,1,TWSE T86
2026-08-10,2542,興富發,-647.1,452.0,42.4,-153,-152.7,0,-1,2,2,-1,TWSE T86
2026-08-11,2542,興富發,233.9,513.1,-6.0,741,740.9,0,1,3,-1,1,TWSE T86
2026-08-12,2542,興富發,729.1,294.0,1.7,1025,1024.9,0,2,4,1,2,TWSE T86
2026-08-13,2542,興富發,6156.7,1432.0,189.4,7778,7778.1,0,3,5,2,3,TWSE T86
2026-08-14,2542,興富發,-1661.5,451.0,57.9,-1153,-1152.6,0,-1,6,3,-1,TWSE T86
2026-08-17,2542,興富發,4125.6,2421.0,49.1,6596,6595.8,0,1,7,4,1,TWSE T86
2026-08-18,2542,興富發,9866.3,883.0,159.1,10908,10908.4,0,2,8,5,2,TWSE T86
2026-08-19,2542,興富發,6655.8,212.0,-104.7,6763,6763.1,0,3,9,-1,3,TWSE T86
2026-08-20,2542,興富發,2970.5,1.0,-108.9,2862,2862.6,-1,4,10,-2,4,TWSE T86
2026-08-21,2542,興富發,5902.2,-136.0,247.9,6014,6014.0,0,5,-1,1,5,TWSE T86
2026-08-24,2542,興富發,-899.0,111.0,-30.0,-818,-818.0,0,-1,1,-1,-1,TWSE T86
2026-08-25,2542,興富發,850.6,221.0,-111.3,961,960.3,1,1,2,-2,1,TWSE T86
2026-08-26,2542,興富發,562.6,1347.3,-27.7,1882,1882.2,0,2,3,-3,2,TWSE T86
2026-08-27,2542,興富發,-589.7,-8.0,460.0,-138,-137.7,0,-1,-1,1,-1,TWSE T86
2026-08-28,2542,興富發,208.2,9.0,-36.1,181,181.2,0,1,1,-1,1,TWSE T86
2026-08-31,2542,興富發,-1803.4,1016.0,216.2,-571,-571.3,0,-1,2,1,-1,TWSE T86
2026-09-01,2542,興富發,-1480.7,3108.0,-51.9,1575,1575.4,0,-2,3,-1,1,TWSE T86
2026-09-02,2542,興富發,179.4,954.0,152.4,1285,1285.8,-1,1,4,1,2,TWSE T86
2026-09-03,2542,興富發,3082.2,3213.0,24.0,6319,6319.3,0,2,5,2,3,TWSE T86
2026-09-04,2542,興富發,-2882.9,3334.0,-46.7,404,404.4,0,-1,6,-1,4,TWSE T86
2026-09-07,2542,興富發,-3640.6,2705.0,120.4,-816,-815.2,-1,-2,7,1,-1,TWSE T86
2026-09-08,2542,興富發,-569.6,553.9,-192.9,-209,-208.6,0,-3,8,-1,-2,TWSE T86
2026-09-09,2542,興富發,1376.7,1342.0,68.8,2788,2787.5,0,1,9,1,1,TWSE T86
2026-09-10,2542,興富發,-8067.6,631.9,-175.9,-7612,-7611.6,0,-1,10,-1,-1,TWSE T86
2026-09-11,2542,興富發,-149.9,1049.9,16.2,916,916.2,0,-2,11,1,1,TWSE T86
2026-09-14,2542,興富發,-3578.4,550.7,-101.0,-3128,-3128.8,1,-3,12,-1,-1,TWSE T86
2026-09-15,2542,興富發,-2607.1,1123.4,23.9,-1460,-1459.8,0,-4,13,1,-2,TWSE T86
2026-09-16,2542,興富發,-4409.8,3911.0,277.0,-222,-221.8,0,-5,14,2,-3,TWSE T86
2026-09-17,2542,興富發,-1302.1,3013.0,85.2,1796,1796.1,0,-6,15,3,1,TWSE T86
2026-09-18,2542,興富發,1041.4,4108.4,-144.1,5005,5005.7,-1,1,16,-1,2,TWSE T86
2026-09-21,2542,興富發,-4065.9,566.0,-554.5,-4054,-4054.4,0,-1,17,-2,-1,TWSE T86
2026-09-22,2542,興富發,-5151.1,1569.0,-331.0,-3913,-3913.0,0,-2,18,-3,-2,TWSE T86
2026-09-23,2542,興富發,-251.5,1911.0,-1534.2,126,125.3,1,-3,19,-4,1,TWSE T86
2026-09-24,2542,興富發,-1220.1,1799.0,-31.6,547,547.3,0,-4,20,-5,2,TWSE T86
2026-08-07,2633,台灣高鐵,-160.3,487.0,-142.2,185,184.5,1,-1,1,-1,1,TWSE T86
2026-08-10,2633,台灣高鐵,-3242.0,435.0,12.0,-2795,-2795.0,0,-2,2,1,-1,TWSE T86
2026-08-11,2633,台灣高鐵,-5353.9,492.0,-0.5,-4863,-4862.4,-1,-3,3,-1,-2,TWSE T86
2026-08-12,2633,台灣高鐵,-1689.0,286.0,9.0,-1394,-1394.0,0,-4,4,1,-3,TWSE T86
2026-08-13,2633,台灣高鐵,-2608.0,1787.0,29.4,-792,-791.6,0,-5,5,2,-4,TWSE T86
2026-08-14,2633,台灣高鐵,-2781.0,430.0,8.4,-2343,-2342.6,0,-6,6,3,-5,TWSE T86
2026-08-17,2633,台灣高鐵,-488.3,2318.0,24.0,1854,1853.7,0,-7,7,4,1,TWSE T86
2026-08-18,2633,台灣高鐵,-1281.9,840.0,-19.3,-461,-461.2,0,-8,8,-1,-1,TWSE T86
2026-08-19,2633,台灣高鐵,136.9,47.0,-111.0,73,72.9,0,1,9,-2,1,TWSE T86
2026-08-20,2633,台灣高鐵,445.5,-91.0,31.0,385,385.5,0,2,-1,1,2,TWSE T86
2026-08-21,2633,台灣高鐵,914.9,63.0,86.0,1064,1063.9,0,3,1,2,3,TWSE T86
2026-08-24,2633,台灣高鐵,345.9,115.0,0.0,461,460.9,0,4,2,,4,TWSE T86
2026-08-25,2633,台灣高鐵,718.8,212.0,45.0,976,975.8,0,5,3,1,5,TWSE T86
2026-08-26,2633,台灣高鐵,152.6,110.0,40.0,303,302.6,0,6,4,2,6,TWSE T86
2026-08-27,2633,台灣高鐵,970.6,3.0,11.5,985,985.0,0,7,5,3,7,TWSE T86
2026-08-28,2633,台灣高鐵,-298.0,-7.0,2.0,-303,-303.0,0,-1,-1,4,-1,TWSE T86
2026-08-31,2633,台灣高鐵,-2253.4,152.0,-14.0,-2115,-2115.4,0,-2,1,-1,-2,TWSE T86
2026-09-01,2633,台灣高鐵,231.4,710.0,6.0,947,947.4,0,1,2,1,1,TWSE T86
2026-09-02,2633,台灣高鐵,201.1,72.0,1.0,274,274.1,0,2,3,2,2,TWSE T86
2026-09-03,2633,台灣高鐵,-250.2,1027.0,0.0,777,776.8,0,-1,4,,3,TWSE T86
2026-09-04,2633,台灣高鐵,-1675.0,440.0,14.9,-1220,-1220.1,0,-2,5,1,-1,TWSE T86
2026-09-07,2633,台灣高鐵,-2772.0,1609.0,56.0,-1107,-1107.0,0,-3,6,2,-2,TWSE T86
2026-09-08,2633,台灣高鐵,288.6,518.0,-25.0,782,781.6,0,1,7,-1,1,TWSE T86
2026-09-09,2633,台灣高鐵,-418.0,131.0,-20.0,-307,-307.0,0,-1,8,-2,-1,TWSE T86
2026-09-10,2633,台灣高鐵,-840.0,442.0,-35.0,-433,-433.0,0,-2,9,-3,-2,TWSE T86
2026-09-11,2633,台灣高鐵,-186.3,939.0,-16.1,737,736.6,0,-3,10,-4,1,TWSE T86
2026-09-14,2633,台灣高鐵,-953.5,455.0,60.0,-438,-438.5,0,-4,11,1,-1,TWSE T86
2026-09-15,2633,台灣高鐵,-2925.0,947.0,16.0,-1962,-1962.0,0,-5,12,2,-2,TWSE T86
2026-09-16,2633,台灣高鐵,-2365.6,1607.0,30.4,-729,-728.2,-1,-6,13,3,-3,TWSE T86
2026-09-17,2633,台灣高鐵,-816.0,949.0,17.0,150,150.0,0,-7,14,4,1,TWSE T86
2026-09-18,2633,台灣高鐵,-9178.7,999.6,152.6,-8026,-8026.5,0,-8,15,5,-1,TWSE T86
2026-09-21,2633,台灣高鐵,-1985.5,200.0,30.0,-1756,-1755.5,0,-9,16,6,-2,TWSE T86
2026-09-22,2633,台灣高鐵,-4837.9,665.0,-27.4,-4200,-4200.3,0,-10,17,-1,-3,TWSE T86
2026-09-23,2633,台灣高鐵,-1048.5,598.0,36.0,-414,-414.5,0,-11,18,1,-4,TWSE T86
2026-09-24,2633,台灣高鐵,-2711.0,466.0,0.0,-2245,-2245.0,0,-12,19,,-5,TWSE T86
2026-08-07,2327,國巨*,-9347.0,-1516.0,142.0,-10721,-10721.0,0,-1,-1,1,-1,TWSE T86
2026-08-10,2327,國巨*,3620.9,957.9,667.8,5247,5246.6,0,1,1,2,1,TWSE T86
2026-08-11,2327,國巨*,-7789.9,2125.0,184.2,-5481,-5480.8,0,-1,2,3,-1,TWSE T86
2026-08-12,2327,國巨*,-10377.1,229.8,-146.4,-10293,-10293.7,1,-2,3,-1,-2,TWSE T86
2026-08-13,2327,國巨*,4761.9,1505.1,-373.0,5894,5894.0,0,1,4,-2,1,TWSE T86
2026-08-14,2327,國巨*,-22289.2,1473.5,-557.1,-21372,-21372.8,1,-1,5,-3,-1,TWSE T86
2026-08-17,2327,國巨*,-2334.0,-425.3,421.1,-2338,-2338.1,0,-2,-1,1,-2,TWSE T86
2026-08-18,2327,國巨*,-2365.7,-696.2,-673.3,-3735,-3735.2,0,-3,-2,-1,-3,TWSE T86
2026-08-19,2327,國巨*,-3422.4,-2731.0,-1341.3,-7494,-7494.6,1,-4,-3,-2,-4,TWSE T86
2026-08-20,2327,國巨*,-4860.5,-962.2,-166.6,-5990,-5989.3,-1,-5,-4,-3,-5,TWSE T86
2026-08-21,2327,國巨*,-113.7,-208.6,23.9,-299,-298.5,-1,-6,-5,1,-6,TWSE T86
2026-08-24,2327,國巨*,-377.3,-68.3,79.0,-366,-366.6,1,-7,-6,2,-7,TWSE T86
2026-08-25,2327,國巨*,1451.9,-2342.2,-202.0,-1092,-1092.3,0,1,-7,-1,-8,TWSE T86
2026-08-26,2327,國巨*,49.8,-2874.7,414.3,-2411,-2410.6,0,2,-8,1,-9,TWSE T86
2026-08-27,2327,國巨*,-839.8,-5322.7,1129.8,-5033,-5032.6,0,-1,-9,2,-10,TWSE T86
2026-08-28,2327,國巨*,-2215.6,-1105.3,559.4,-2762,-2761.5,-1,-2,-10,3,-11,TWSE T86
2026-08-31,2327,國巨*,-13468.0,-3641.5,183.5,-16927,-16926.1,-1,-3,-11,4,-12,TWSE T86
2026-09-01,2327,國巨*,10023.6,-4130.7,-147.1,5746,5745.8,0,1,-12,-1,1,TWSE T86
2026-09-02,2327,國巨*,-16718.3,-1716.0,-446.0,-18880,-18880.2,0,-1,-13,-2,-1,TWSE T86
2026-09-03,2327,國巨*,-4641.0,-648.0,-515.6,-5805,-5804.7,0,-2,-14,-3,-2,TWSE T86
2026-09-04,2327,國巨*,18525.8,-42.0,261.6,18746,18745.4,1,1,-15,1,1,TWSE T86
2026-09-07,2327,國巨*,6448.3,-109.2,947.6,7287,7286.6,0,2,-16,2,2,TWSE T86
2026-09-08,2327,國巨*,-1169.3,-900.7,-73.2,-2143,-2143.2,0,-1,-17,-1,-1,TWSE T86
2026-09-09,2327,國巨*,-3385.8,-11.0,-130.1,-3527,-3526.9,0,-2,-18,-2,-2,TWSE T86
2026-09-10,2327,國巨*,-1948.0,-216.1,515.4,-1649,-1648.7,0,-3,-19,1,-3,TWSE T86
2026-09-11,2327,國巨*,-5586.5,565.1,-538.4,-5559,-5559.8,1,-4,1,-1,-4,TWSE T86
2026-09-14,2327,國巨*,3710.6,740.0,-402.1,4049,4048.5,0,1,2,-2,1,TWSE T86
2026-09-15,2327,國巨*,-686.7,197.0,16.3,-474,-473.3,-1,-1,3,1,-1,TWSE T86
2026-09-16,2327,國巨*,-6396.9,678.0,-351.3,-6070,-6070.2,0,-2,4,-1,-2,TWSE T86
2026-09-17,2327,國巨*,-2052.9,156.0,129.3,-1768,-1767.7,0,-3,5,1,-3,TWSE T86
2026-09-18,2327,國巨*,2423.0,637.1,1004.6,4065,4064.7,0,1,6,2,1,TWSE T86
2026-09-21,2327,國巨*,1155.6,687.3,405.3,2248,2248.2,0,2,7,3,2,TWSE T86
2026-09-22,2327,國巨*,7871.2,185.7,1071.4,9128,9128.3,0,3,8,4,3,TWSE T86
2026-09-23,2327,國巨*,-5206.2,-335.0,107.4,-5434,-5433.9,0,-1,-1,5,-1,TWSE T86
2026-09-24,2327,國巨*,2132.5,-266.0,472.5,2338,2338.9,-1,1,-2,6,1,TWSE T86
2026-08-07,6515,穎崴,-14.7,-28.0,3.1,-40,-39.6,0,-1,-1,1,-1,TWSE T86
2026-08-10,6515,穎崴,-32.8,12.1,-3.1,-24,-23.8,0,-2,1,-1,-2,TWSE T86
2026-08-11,6515,穎崴,2.7,-5.0,1.8,0,-0.5,1,1,-1,1,-3,TWSE T86
2026-08-12,6515,穎崴,20.5,-1.0,-1.3,18,18.2,0,2,-2,-1,1,TWSE T86
2026-08-13,6515,穎崴,76.6,-309.3,6.8,-225,-226.0,1,3,-3,1,-1,TWSE T86
2026-08-14,6515,穎崴,329.3,-310.6,0.2,18,18.9,-1,4,-4,2,1,TWSE T86
2026-08-17,6515,穎崴,181.1,-161.9,2.0,21,21.2,0,5,-5,3,2,TWSE T86
2026-08-18,6515,穎崴,24.5,-101.0,1.0,-76,-75.5,-1,6,-6,4,-1,TWSE T86
2026-08-19,6515,穎崴,128.1,-102.0,-5.3,21,20.9,0,7,-7,-1,1,TWSE T86
2026-08-20,6515,穎崴,5.0,1.1,-2.6,3,3.5,0,8,1,-2,2,TWSE T86
2026-08-21,6515,穎崴,-7.2,22.5,-1.3,14,14.0,0,-1,2,-3,3,TWSE T86
2026-08-24,6515,穎崴,-21.6,10.4,-0.5,-12,-11.7,0,-2,3,-4,-1,TWSE T86
2026-08-25,6515,穎崴,67.5,-34.0,0.3,33,33.8,-1,1,-1,1,1,TWSE T86
2026-08-26,6515,穎崴,42.1,-1.9,3.4,43,43.6,-1,2,-2,2,2,TWSE T86
2026-08-27,6515,穎崴,215.3,-187.7,3.9,31,31.6,-1,3,-3,3,3,TWSE T86
2026-08-28,6515,穎崴,-23.0,-2.9,1.6,-24,-24.3,0,-1,-4,4,-1,TWSE T86
2026-08-31,6515,穎崴,-14.7,-16.0,-3.3,-34,-34.0,0,-2,-5,-1,-2,TWSE T86
2026-09-01,6515,穎崴,11.9,69.0,-2.9,78,78.1,0,1,1,-2,1,TWSE T86
2026-09-02,6515,穎崴,-309.3,223.0,-1.4,-87,-87.7,1,-1,2,-3,-1,TWSE T86
2026-09-03,6515,穎崴,-207.0,227.9,2.9,24,23.8,0,-2,3,1,1,TWSE T86
2026-09-04,6515,穎崴,-243.5,201.5,-2.0,-44,-44.0,0,-3,4,-1,-1,TWSE T86
2026-09-07,6515,穎崴,-79.5,32.0,6.0,-41,-41.5,0,-4,5,1,-2,TWSE T86
2026-09-08,6515,穎崴,119.3,93.5,-4.6,208,208.2,0,1,6,-1,1,TWSE T86
2026-09-09,6515,穎崴,-288.2,136.0,4.3,-148,-147.9,0,-1,7,1,-1,TWSE T86
2026-09-10,6515,穎崴,-64.4,16.0,-1.6,-50,-50.0,0,-2,8,-1,-2,TWSE T86
2026-09-11,6515,穎崴,-28.2,10.0,4.1,-14,-14.1,0,-3,9,1,-3,TWSE T86
2026-09-14,6515,穎崴,57.6,-67.6,1.0,-9,-9.0,0,1,-1,2,-4,TWSE T86
2026-09-15,6515,穎崴,4.6,-67.0,-1.1,-63,-63.5,1,2,-2,-1,-5,TWSE T86
2026-09-16,6515,穎崴,-43.8,-34.0,6.4,-72,-71.4,-1,-1,-3,1,-6,TWSE T86
2026-09-17,6515,穎崴,-77.4,-41.0,1.3,-117,-117.1,0,-2,-4,2,-7,TWSE T86
2026-09-18,6515,穎崴,15.1,-13.0,5.4,7,7.5,-1,1,-5,3,1,TWSE T86
2026-09-21,6515,穎崴,-364.0,-453.5,11.9,-806,-805.5,0,-1,-6,4,-1,TWSE T86
2026-09-22,6515,穎崴,93.6,-320.7,-0.7,-228,-227.8,0,1,-7,-1,-2,TWSE T86
2026-09-23,6515,穎崴,-58.5,-25.0,5.9,-78,-77.6,0,-1,-8,1,-3,TWSE T86
2026-09-24,6515,穎崴,-115.9,-36.0,-5.5,-158,-157.4,-1,-2,-9,-1,-4,TWSE T86
2026-08-07,2454,聯發科,71.6,-128.0,-16.3,-72,-72.7,1,1,-1,-1,-1,TWSE T86
2026-08-10,2454,聯發科,1390.9,-62.8,92.2,1420,1420.3,0,2,-2,1,1,TWSE T86
2026-08-11,2454,聯發科,837.3,-167.5,94.7,765,764.5,0,3,-3,2,2,TWSE T86
2026-08-12,2454,聯發科,148.5,-122.6,-21.5,4,4.4,0,4,-4,-1,3,TWSE T86
2026-08-13,2454,聯發科,3760.3,-61.9,-130.0,3568,3568.3,0,5,-5,-2,4,TWSE T86
2026-08-14,2454,聯發科,1495.0,-514.3,-630.2,351,350.5,1,6,-6,-3,5,TWSE T86
2026-08-17,2454,聯發科,1188.5,-1655.3,66.8,-399,-399.9,1,7,-7,1,-1,TWSE T86
2026-08-18,2454,聯發科,-198.1,-1153.7,-223.4,-1575,-1575.2,0,-1,-8,-1,-2,TWSE T86
2026-08-19,2454,聯發科,-216.2,-1046.2,-265.1,-1527,-1527.6,1,-2,-9,-2,-3,TWSE T86
2026-08-20,2454,聯發科,-259.1,-1799.0,-300.7,-2359,-2358.8,0,-3,-10,-3,-4,TWSE T86
2026-08-21,2454,聯發科,-275.7,-143.4,117.7,-301,-301.4,0,-4,-11,1,-5,TWSE T86
2026-08-24,2454,聯發科,-132.2,-95.4,-4.5,-231,-232.0,1,-5,-12,-1,-6,TWSE T86
2026-08-25,2454,聯發科,415.2,-153.2,96.5,359,358.5,1,1,-13,1,1,TWSE T86
2026-08-26,2454,聯發科,1231.8,-226.8,142.5,1147,1147.6,-1,2,-14,2,2,TWSE T86
2026-08-27,2454,聯發科,-246.7,-14.4,-82.4,-343,-343.6,1,-1,-15,-1,-1,TWSE T86
2026-08-28,2454,聯發科,1096.3,-117.3,17.2,996,996.3,0,1,-16,1,1,TWSE T86
2026-08-31,2454,聯發科,-613.4,-329.1,-12.2,-954,-954.7,1,-1,-17,-1,-1,TWSE T86
2026-09-01,2454,聯發科,-339.5,-2.9,248.4,-94,-94.0,0,-2,-18,1,-2,TWSE T86
2026-09-02,2454,聯發科,-1221.8,851.1,61.5,-309,-309.2,0,-3,1,2,-3,TWSE T86
2026-09-03,2454,聯發科,1172.4,455.1,60.3,1687,1687.7,-1,1,2,3,1,TWSE T86
2026-09-04,2454,聯發科,534.5,339.4,103.3,977,977.2,0,2,3,4,2,TWSE T86
2026-09-07,2454,聯發科,2913.0,920.0,443.6,4277,4276.6,0,3,4,5,3,TWSE T86
2026-09-08,2454,聯發科,270.9,187.6,-224.4,235,234.1,1,4,5,-1,4,TWSE T86
2026-09-09,2454,聯發科,-757.6,177.3,-27.2,-608,-607.5,-1,-1,6,-2,-1,TWSE T86
2026-09-10,2454,聯發科,1717.0,55.5,8.7,1781,1781.2,0,1,7,1,1,TWSE T86
2026-09-11,2454,聯發科,-742.0,108.0,-21.8,-656,-655.8,0,-1,8,-1,-1,TWSE T86
2026-09-14,2454,聯發科,734.8,106.1,11.2,852,852.1,0,1,9,1,1,TWSE T86
2026-09-15,2454,聯發科,-1000.0,-19.1,35.3,-984,-983.7,0,-1,-1,2,-1,TWSE T86
2026-09-16,2454,聯發科,997.0,-483.2,215.3,729,729.1,0,1,-2,3,1,TWSE T86
2026-09-17,2454,聯發科,300.5,37.2,82.0,419,419.6,-1,2,1,4,2,TWSE T86
2026-09-18,2454,聯發科,2886.2,-120.0,291.7,3058,3057.9,0,3,-1,5,3,TWSE T86
2026-09-21,2454,聯發科,3156.9,312.8,346.8,3817,3816.5,1,4,1,6,4,TWSE T86
2026-09-22,2454,聯發科,1541.8,373.2,57.5,1972,1972.4,0,5,2,7,5,TWSE T86
2026-09-23,2454,聯發科,496.4,-17.9,41.2,519,519.8,-1,6,-1,8,6,TWSE T86
2026-09-24,2454,聯發科,826.5,-288.9,133.1,671,670.8,0,7,-2,9,7,TWSE T86
2026-08-07,6239,力成,-3782.6,1253.0,-438.4,-2968,-2967.9,0,-1,1,-1,-1,TWSE T86
2026-08-10,6239,力成,409.5,29.0,268.8,708,707.3,1,1,2,1,1,TWSE T86
2026-08-11,6239,力成,-5539.6,524.7,-300.4,-5315,-5315.3,0,-1,3,-1,-1,TWSE T86
2026-08-12,6239,力成,-2910.4,15.4,-1.1,-2896,-2896.1,0,-2,4,-2,-2,TWSE T86
2026-08-13,6239,力成,-1106.7,346.0,35.6,-725,-725.1,0,-3,5,1,-3,TWSE T86
2026-08-14,6239,力成,-1384.2,-490.0,-149.0,-2023,-2023.2,0,-4,-1,-1,-4,TWSE T86
2026-08-17,6239,力成,-1079.7,-324.0,516.7,-887,-887.0,0,-5,-2,1,-5,TWSE T86
2026-08-18,6239,力成,-1644.7,-35.8,-747.7,-2429,-2428.2,-1,-6,-3,-1,-6,TWSE T86
2026-08-19,6239,力成,1907.4,-2339.0,-253.8,-686,-685.4,-1,1,-4,-2,-7,TWSE T86
2026-08-20,6239,力成,-210.8,205.2,-51.7,-58,-57.4,-1,-1,1,-3,-8,TWSE T86
2026-08-21,6239,力成,-725.5,-20.0,42.8,-702,-702.6,1,-2,-1,1,-9,TWSE T86
2026-08-24,6239,力成,255.5,-12.0,227.5,471,471.0,0,1,-2,2,1,TWSE T86
2026-08-25,6239,力成,-816.5,-83.0,156.4,-744,-743.1,-1,-1,-3,3,-1,TWSE T86
2026-08-26,6239,力成,2920.9,-12.0,742.9,3652,3651.8,0,1,-4,4,1,TWSE T86
2026-08-27,6239,力成,-12845.2,-475.0,-964.7,-14285,-14284.9,0,-1,-5,-1,-1,TWSE T86
2026-08-28,6239,力成,8790.1,-4.0,746.2,9532,9532.2,0,1,-6,1,1,TWSE T86
2026-08-31,6239,力成,-6545.0,0.0,-689.7,-7235,-7234.6,0,-1,,-1,-1,TWSE T86
2026-09-01,6239,力成,4130.3,271.2,740.8,5142,5142.3,0,1,1,1,1,TWSE T86
2026-09-02,6239,力成,-2137.7,-53.0,-437.1,-2628,-2627.8,0,-1,-1,-1,-1,TWSE T86
2026-09-03,6239,力成,-473.5,-118.0,-29.9,-622,-621.4,-1,-2,-2,-2,-2,TWSE T86
2026-09-04,6239,力成,-927.4,-116.0,-225.3,-1268,-1268.8,1,-3,-3,-3,-3,TWSE T86
2026-09-07,6239,力成,1441.2,-12.4,74.3,1503,1503.0,0,1,-4,1,1,TWSE T86
2026-09-08,6239,力成,-3573.7,-17.2,-223.3,-3814,-3814.2,0,-1,-5,-1,-1,TWSE T86
2026-09-09,6239,力成,5010.2,-24.0,-139.1,4847,4847.1,0,1,-6,-2,1,TWSE T86
2026-09-10,6239,力成,809.7,-42.0,97.0,865,864.6,0,2,-7,1,2,TWSE T86
2026-09-11,6239,力成,-5891.8,-17.0,-589.8,-6499,-6498.6,0,-1,-8,-1,-1,TWSE T86
2026-09-14,6239,力成,1359.1,-945.0,304.9,719,719.0,0,1,-9,1,1,TWSE T86
2026-09-15,6239,力成,-470.4,-9.0,-20.7,-500,-500.2,0,-1,-10,-1,-1,TWSE T86
2026-09-16,6239,力成,1435.7,-806.0,114.0,744,743.7,0,1,-11,1,1,TWSE T86
2026-09-17,6239,力成,1276.0,-4.0,113.2,1385,1385.2,0,2,-12,2,2,TWSE T86
2026-09-18,6239,力成,5113.2,-2618.8,863.2,3357,3357.6,-1,3,-13,3,3,TWSE T86
2026-09-21,6239,力成,1582.0,-1231.2,538.7,890,889.5,0,4,-14,4,4,TWSE T86
2026-09-22,6239,力成,1666.8,-2132.9,-147.1,-613,-613.2,0,5,-15,-1,-1,TWSE T86
2026-09-23,6239,力成,-823.8,-17.0,-164.0,-1005,-1004.8,0,-1,-16,-2,-2,TWSE T86
2026-09-24,6239,力成,-652.3,0.0,-46.5,-699,-698.8,0,-2,,-3,-3,TWSE T86
2026-08-07,2383,台光電,-39.3,-9.0,-1.4,-49,-49.7,1,-1,-1,-1,-1,TWSE T86
2026-08-10,2383,台光電,3.5,124.0,2.1,129,129.6,-1,1,1,1,1,TWSE T86
2026-08-11,2383,台光電,260.4,118.2,-10.9,367,367.7,-1,2,2,-1,2,TWSE T86
2026-08-12,2383,台光電,305.6,57.0,3.6,367,366.2,1,3,3,1,3,TWSE T86
2026-08-13,2383,台光電,-51.9,-15.1,-6.0,-73,-73.0,0,-1,-1,-1,-1,TWSE T86
2026-08-14,2383,台光電,595.1,169.9,-29.4,736,735.7,0,1,1,-2,1,TWSE T86
2026-08-17,2383,台光電,141.1,2.0,107.8,251,250.8,0,2,2,1,2,TWSE T86
2026-08-18,2383,台光電,428.3,-167.4,13.9,275,274.8,0,3,-1,2,3,TWSE T86
2026-08-19,2383,台光電,76.2,-191.0,-16.6,-132,-131.4,-1,4,-2,-1,-1,TWSE T86
2026-08-20,2383,台光電,575.5,45.3,7.2,628,628.0,0,5,1,1,1,TWSE T86
2026-08-21,2383,台光電,379.4,-409.1,79.7,50,50.0,0,6,-1,2,2,TWSE T86
2026-08-24,2383,台光電,147.6,-195.4,41.3,-6,-6.5,1,7,-2,3,-1,TWSE T86
2026-08-25,2383,台光電,18.7,-147.4,69.1,-59,-59.6,1,8,-3,4,-2,TWSE T86
2026-08-26,2383,台光電,52.1,43.8,-20.7,75,75.3,0,9,1,-1,1,TWSE T86
2026-08-27,2383,台光電,-215.4,-315.5,92.6,-437,-438.2,1,-1,-1,1,-1,TWSE T86
2026-08-28,2383,台光電,45.4,-171.3,-25.4,-151,-151.2,0,1,-2,-1,-2,TWSE T86
2026-08-31,2383,台光電,151.7,-188.1,16.8,-19,-19.7,1,2,-3,1,-3,TWSE T86
2026-09-01,2383,台光電,-188.6,113.1,14.6,-61,-60.9,0,-1,1,2,-4,TWSE T86
2026-09-02,2383,台光電,-215.7,-120.2,13.4,-323,-322.5,-1,-2,-1,3,-5,TWSE T86
2026-09-03,2383,台光電,-151.7,-99.5,-13.6,-266,-264.8,-1,-3,-2,-1,-6,TWSE T86
2026-09-04,2383,台光電,-20.7,-208.5,8.8,-220,-220.5,0,-4,-3,1,-7,TWSE T86
2026-09-07,2383,台光電,131.0,30.8,-17.3,145,144.5,0,1,1,-1,1,TWSE T86
2026-09-08,2383,台光電,-177.1,-12.1,-60.7,-250,-250.0,0,-1,-1,-2,-1,TWSE T86
2026-09-09,2383,台光電,174.1,-162.3,-36.9,-25,-25.1,0,1,-2,-3,-2,TWSE T86
2026-09-10,2383,台光電,-47.6,-92.9,-5.2,-146,-145.6,0,-1,-3,-4,-3,TWSE T86
2026-09-11,2383,台光電,-22.9,111.0,-18.9,69,69.2,0,-2,1,-5,1,TWSE T86
2026-09-14,2383,台光電,199.7,-182.8,-27.8,-11,-10.9,0,1,-1,-6,-1,TWSE T86
2026-09-15,2383,台光電,-176.9,-99.3,-1.8,-278,-278.1,0,-1,-2,-7,-2,TWSE T86
2026-09-16,2383,台光電,67.8,-147.0,-74.8,-154,-154.0,0,1,-3,-8,-3,TWSE T86
2026-09-17,2383,台光電,275.4,-743.0,294.0,-174,-173.6,0,2,-4,1,-4,TWSE T86
2026-09-18,2383,台光電,315.6,-580.4,58.3,-206,-206.5,1,3,-5,2,-5,TWSE T86
2026-09-21,2383,台光電,369.9,-772.0,90.8,-311,-311.3,0,4,-6,3,-6,TWSE T86
2026-09-22,2383,台光電,331.3,-653.7,49.8,-273,-272.6,0,5,-7,4,-7,TWSE T86
2026-09-23,2383,台光電,-187.9,-30.0,30.2,-188,-187.6,0,-1,-8,5,-8,TWSE T86
2026-09-24,2383,台光電,27.8,-405.0,77.0,-300,-300.2,0,1,-9,6,-9,TWSE T86
2026-08-07,00693U,期街口S&P黃豆,-47.0,0.0,-1.6,-49,-48.6,0,-1,,-1,-1,TWSE T86
2026-08-10,00693U,期街口S&P黃豆,-46.0,0.0,61.6,16,15.6,0,-2,,1,1,TWSE T86
2026-08-11,00693U,期街口S&P黃豆,-122.0,0.0,-77.4,-199,-199.4,0,-3,,-1,-1,TWSE T86
2026-08-12,00693U,期街口S&P黃豆,-6.0,0.0,-20.7,-27,-26.7,0,-4,,-2,-2,TWSE T86
2026-08-13,00693U,期街口S&P黃豆,-224.0,0.0,-79.3,-303,-303.3,0,-5,,-3,-3,TWSE T86
2026-08-14,00693U,期街口S&P黃豆,-47.0,0.0,27.7,-19,-19.3,0,-6,,1,-4,TWSE T86
2026-08-17,00693U,期街口S&P黃豆,-8.0,0.0,74.0,66,66.0,0,-7,,2,1,TWSE T86
2026-08-18,00693U,期街口S&P黃豆,-14.0,0.0,441.3,427,427.3,0,-8,,3,2,TWSE T86
2026-08-19,00693U,期街口S&P黃豆,-91.0,0.0,86.9,-4,-4.1,0,-9,,4,-1,TWSE T86
2026-08-20,00693U,期街口S&P黃豆,-45.0,0.0,403.9,359,358.9,0,-10,,5,1,TWSE T86
2026-08-21,00693U,期街口S&P黃豆,-71.0,0.0,-388.1,-459,-459.1,0,-11,,-1,-1,TWSE T86
2026-08-24,00693U,期街口S&P黃豆,-259.0,0.0,199.6,-59,-59.4,0,-12,,1,-2,TWSE T86
2026-08-25,00693U,期街口S&P黃豆,-68.0,0.0,-191.4,-259,-259.4,0,-13,,-1,-3,TWSE T86
2026-08-26,00693U,期街口S&P黃豆,-107.0,0.0,262.4,155,155.4,0,-14,,1,1,TWSE T86
2026-08-27,00693U,期街口S&P黃豆,-510.0,0.0,162.7,-347,-347.3,0,-15,,2,-1,TWSE T86
2026-08-28,00693U,期街口S&P黃豆,-111.0,0.0,-107.1,-218,-218.1,0,-16,,-1,-2,TWSE T86
2026-08-31,00693U,期街口S&P黃豆,-82.0,0.0,514.5,432,432.5,0,-17,,1,1,TWSE T86
2026-09-01,00693U,期街口S&P黃豆,330.0,0.0,852.3,1182,1182.3,0,1,,2,2,TWSE T86
2026-09-02,00693U,期街口S&P黃豆,527.0,0.0,827.0,1354,1354.0,0,2,,3,3,TWSE T86
2026-09-03,00693U,期街口S&P黃豆,-90.0,0.0,662.9,573,572.9,0,-1,,4,4,TWSE T86
2026-09-04,00693U,期街口S&P黃豆,95.0,0.0,929.5,1024,1024.5,0,1,,5,5,TWSE T86
2026-09-07,00693U,期街口S&P黃豆,-15.0,0.0,574.9,560,559.9,0,-1,,6,6,TWSE T86
2026-09-08,00693U,期街口S&P黃豆,-2.0,0.0,408.5,406,406.5,0,-2,,7,7,TWSE T86
2026-09-09,00693U,期街口S&P黃豆,2.0,0.0,356.6,359,358.6,0,1,,8,8,TWSE T86
2026-09-10,00693U,期街口S&P黃豆,0.0,0.0,543.9,544,543.9,0,,,9,9,TWSE T86
2026-09-11,00693U,期街口S&P黃豆,73.0,0.0,112.6,186,185.6,0,1,,10,10,TWSE T86
2026-09-14,00693U,期街口S&P黃豆,12.0,0.0,700.5,713,712.5,0,2,,11,11,TWSE T86
2026-09-15,00693U,期街口S&P黃豆,8.0,0.0,858.2,866,866.2,0,3,,12,12,TWSE T86
2026-09-16,00693U,期街口S&P黃豆,0.0,0.0,329.9,330,329.9,0,,,13,13,TWSE T86
2026-09-17,00693U,期街口S&P黃豆,67.0,0.0,448.4,515,515.4,0,1,,14,14,TWSE T86
2026-09-18,00693U,期街口S&P黃豆,0.0,0.0,50.9,51,50.9,0,,,15,15,TWSE T86
2026-09-21,00693U,期街口S&P黃豆,-11.0,0.0,944.5,934,933.5,0,-1,,16,16,TWSE T86
2026-09-22,00693U,期街口S&P黃豆,-5.0,0.0,500.8,496,495.8,0,-2,,17,17,TWSE T86
2026-09-23,00693U,期街口S&P黃豆,1.0,0.0,355.0,356,356.0,0,1,,18,18,TWSE T86
2026-09-24,00693U,期街口S&P黃豆,0.0,0.0,371.6,372,371.6,0,,,19,19,TWSE T86
2026-08-07,00988A,主動統一全球創新,16442.6,-15400.0,2875.6,3919,3918.2,1,1,-1,1,1,TWSE T86
2026-08-10,00988A,主動統一全球創新,2794.9,0.0,4470.0,7265,7264.9,0,2,,2,2,TWSE T86
2026-08-11,00988A,主動統一全球創新,4565.0,0.0,-1588.6,2976,2976.4,0,3,,-1,3,TWSE T86
2026-08-12,00988A,主動統一全球創新,8863.0,0.0,1999.0,10862,10862.0,0,4,,1,4,TWSE T86
2026-08-13,00988A,主動統一全球創新,972.6,324.0,1331.0,2628,2627.6,0,5,1,2,5,TWSE T86
2026-08-14,00988A,主動統一全球創新,-838.3,0.0,2450.5,1613,1612.2,1,-1,,3,6,TWSE T86
2026-08-17,00988A,主動統一全球創新,10971.0,0.0,7669.2,18640,18640.2,0,1,,4,7,TWSE T86
2026-08-18,00988A,主動統一全球創新,2699.8,0.0,10801.0,13501,13500.8,0,2,,5,8,TWSE T86
2026-08-19,00988A,主動統一全球創新,-5901.3,0.0,-16328.9,-22230,-22230.2,0,-1,,-1,-1,TWSE T86
2026-08-20,00988A,主動統一全球創新,6824.6,0.0,417.9,7243,7242.5,1,1,,1,1,TWSE T86
2026-08-21,00988A,主動統一全球創新,2968.6,0.0,-3158.1,-189,-189.4,0,2,,-1,-1,TWSE T86
2026-08-24,00988A,主動統一全球創新,-7117.3,-2000.0,807.0,-8310,-8310.3,0,-1,-1,1,-2,TWSE T86
2026-08-25,00988A,主動統一全球創新,4561.4,0.0,-4690.5,-130,-129.1,-1,1,,-1,-3,TWSE T86
2026-08-26,00988A,主動統一全球創新,-4419.0,0.0,3423.0,-996,-996.0,0,-1,,1,-4,TWSE T86
2026-08-27,00988A,主動統一全球創新,6285.6,0.0,2245.0,8531,8530.6,0,1,,2,1,TWSE T86
2026-08-28,00988A,主動統一全球創新,-1216.6,0.0,3841.5,2625,2624.9,0,-1,,3,2,TWSE T86
2026-08-31,00988A,主動統一全球創新,4159.1,0.0,-1708.3,2451,2450.8,0,1,,-1,3,TWSE T86
2026-09-01,00988A,主動統一全球創新,2279.4,0.0,7111.0,9390,9390.4,0,2,,1,4,TWSE T86
2026-09-02,00988A,主動統一全球創新,-3933.4,0.0,-4955.0,-8888,-8888.4,0,-1,,-1,-1,TWSE T86
2026-09-03,00988A,主動統一全球創新,1946.0,0.0,777.0,2723,2723.0,0,1,,1,1,TWSE T86
2026-09-04,00988A,主動統一全球創新,12216.2,0.0,2000.0,14216,14216.2,0,2,,2,2,TWSE T86
2026-09-07,00988A,主動統一全球創新,5167.9,0.0,5965.0,11133,11132.9,0,3,,3,3,TWSE T86
2026-09-08,00988A,主動統一全球創新,3189.2,0.0,1238.0,4427,4427.2,0,4,,4,4,TWSE T86
2026-09-09,00988A,主動統一全球創新,-433.8,0.0,9134.0,8700,8700.2,0,-1,,5,5,TWSE T86
2026-09-10,00988A,主動統一全球創新,-226.3,0.0,9010.0,8784,8783.7,0,-2,,6,6,TWSE T86
2026-09-11,00988A,主動統一全球創新,-358.2,0.0,2989.7,2632,2631.6,0,-3,,7,7,TWSE T86
2026-09-14,00988A,主動統一全球創新,904.2,-268.0,3681.8,4318,4318.0,0,1,-1,8,8,TWSE T86
2026-09-15,00988A,主動統一全球創新,-4825.9,0.0,7892.0,3066,3066.1,0,-1,,9,9,TWSE T86
2026-09-16,00988A,主動統一全球創新,-4691.4,0.0,8489.0,3798,3797.5,0,-2,,10,10,TWSE T86
2026-09-17,00988A,主動統一全球創新,-2945.0,0.0,12776.1,9831,9831.1,0,-3,,11,11,TWSE T86
2026-09-18,00988A,主動統一全球創新,6708.1,0.0,4393.1,11101,11101.2,0,1,,12,12,TWSE T86
2026-09-21,00988A,主動統一全球創新,2800.1,0.0,4234.3,7034,7034.4,0,2,,13,13,TWSE T86
2026-09-22,00988A,主動統一全球創新,13118.0,0.0,9128.0,22246,22246.0,0,3,,14,14,TWSE T86
2026-09-23,00988A,主動統一全球創新,4904.1,0.0,7077.8,11982,11981.9,0,4,,15,15,TWSE T86
2026-09-24,00988A,主動統一全球創新,2412.0,-132.0,3371.0,5651,5651.0,0,5,-1,16,16,TWSE T86
2026-08-07,009826,貝萊德世界股票,4.9,0.0,-17642.4,-17637,-17637.5,1,1,,-1,-1,TWSE T86
2026-08-10,009826,貝萊德世界股票,25.2,0.0,-15573.6,-15549,-15548.3,-1,2,,-2,-2,TWSE T86
2026-08-11,009826,貝萊德世界股票,7.0,0.0,-12005.0,-11998,-11998.0,0,3,,-3,-3,TWSE T86
2026-08-12,009826,貝萊德世界股票,12.1,0.0,-16552.0,-16540,-16539.9,0,4,,-4,-4,TWSE T86
2026-08-13,009826,貝萊德世界股票,12.9,0.0,-17687.6,-17675,-17674.7,0,5,,-5,-5,TWSE T86
2026-08-14,009826,貝萊德世界股票,4.0,0.0,-18647.4,-18643,-18643.4,0,6,,-6,-6,TWSE T86
2026-08-17,009826,貝萊德世界股票,7.5,0.0,-13853.1,-13846,-13845.7,0,7,,-7,-7,TWSE T86
2026-08-18,009826,貝萊德世界股票,12.4,0.0,-25595.0,-25583,-25582.5,0,8,,-8,-8,TWSE T86
2026-08-19,009826,貝萊德世界股票,-5.7,0.0,-14278.9,-14285,-14284.6,0,-1,,-9,-9,TWSE T86
2026-08-20,009826,貝萊德世界股票,-9.0,0.0,-5974.4,-5983,-5983.4,0,-2,,-10,-10,TWSE T86
2026-08-21,009826,貝萊德世界股票,19.3,0.0,-13983.4,-13964,-13964.1,0,1,,-11,-11,TWSE T86
2026-08-24,009826,貝萊德世界股票,11.5,0.0,-15252.4,-15241,-15240.9,0,2,,-12,-12,TWSE T86
2026-08-25,009826,貝萊德世界股票,-2.5,0.0,-8414.1,-8416,-8416.6,1,-1,,-13,-13,TWSE T86
2026-08-26,009826,貝萊德世界股票,3.0,0.0,-9321.0,-9318,-9317.9,0,1,,-14,-14,TWSE T86
2026-08-27,009826,貝萊德世界股票,-96.3,0.0,-9244.0,-9340,-9340.3,0,-1,,-15,-15,TWSE T86
2026-08-28,009826,貝萊德世界股票,-73.6,0.0,-13970.9,-14045,-14044.5,-1,-2,,-16,-16,TWSE T86
2026-08-31,009826,貝萊德世界股票,-1342.0,0.0,-18590.3,-19932,-19932.2,0,-3,,-17,-17,TWSE T86
2026-09-01,009826,貝萊德世界股票,16.6,0.0,-15161.8,-15145,-15145.2,0,1,,-18,-18,TWSE T86
2026-09-02,009826,貝萊德世界股票,7.2,0.0,-15278.9,-15272,-15271.7,0,2,,-19,-19,TWSE T86
2026-09-03,009826,貝萊德世界股票,1.0,0.0,-7439.4,-7438,-7438.4,0,3,,-20,-20,TWSE T86
2026-09-04,009826,貝萊德世界股票,-9.0,0.0,-77.5,-86,-86.5,0,-1,,-21,-21,TWSE T86
2026-09-07,009826,貝萊德世界股票,-252.7,0.0,-5728.0,-5981,-5980.8,0,-2,,-22,-22,TWSE T86
2026-09-08,009826,貝萊德世界股票,5.4,0.0,-5085.9,-5081,-5080.6,0,1,,-23,-23,TWSE T86
2026-09-09,009826,貝萊德世界股票,7.8,0.0,-9483.5,-9476,-9475.7,0,2,,-24,-24,TWSE T86
2026-09-10,009826,貝萊德世界股票,-1852.9,0.0,-16843.1,-18696,-18696.0,0,-1,,-25,-25,TWSE T86
2026-09-11,009826,貝萊德世界股票,-61.8,0.0,-16303.6,-16366,-16365.4,-1,-2,,-26,-26,TWSE T86
2026-09-14,009826,貝萊德世界股票,25.1,0.0,-7565.6,-7541,-7540.5,0,1,,-27,-27,TWSE T86
2026-09-15,009826,貝萊德世界股票,833.0,0.0,-8393.1,-7560,-7560.1,0,2,,-28,-28,TWSE T86
2026-09-16,009826,貝萊德世界股票,9.4,0.0,-8951.4,-8942,-8942.0,0,3,,-29,-29,TWSE T86
2026-09-17,009826,貝萊德世界股票,31.0,0.0,-7481.6,-7451,-7450.6,0,4,,-30,-30,TWSE T86
2026-09-18,009826,貝萊德世界股票,-3.9,0.0,-5464.9,-5469,-5468.8,0,-1,,-31,-31,TWSE T86
2026-09-21,009826,貝萊德世界股票,2.5,0.0,-2912.6,-2911,-2910.1,-1,1,,-32,-32,TWSE T86
2026-09-22,009826,貝萊德世界股票,849.1,0.0,447.0,1296,1296.1,0,2,,1,1,TWSE T86
2026-09-23,009826,貝萊德世界股票,42.0,0.0,-3375.0,-3333,-3333.0,0,3,,-1,-1,TWSE T86
2026-09-24,009826,貝萊德世界股票,-76.0,0.0,-6426.7,-6503,-6502.7,0,-1,,-2,-2,TWSE T86
2026-08-07,00918,大華優利高填息30,-1033.0,0.0,989.9,-43,-43.1,0,-1,,1,-1,TWSE T86
2026-08-10,00918,大華優利高填息30,-686.0,0.0,388.4,-298,-297.6,0,-2,,2,-2,TWSE T86
2026-08-11,00918,大華優利高填息30,-400.5,0.0,-2605.6,-3007,-3006.2,-1,-3,,-1,-3,TWSE T86
2026-08-12,00918,大華優利高填息30,-1705.2,0.0,4756.9,3052,3051.7,0,-4,,1,1,TWSE T86
2026-08-13,00918,大華優利高填息30,5411.0,0.0,-59.0,5352,5352.0,0,1,,-1,2,TWSE T86
2026-08-14,00918,大華優利高填息30,1080.0,0.0,-1541.8,-462,-461.7,0,2,,-2,-1,TWSE T86
2026-08-17,00918,大華優利高填息30,-3962.9,0.0,-1307.1,-5270,-5270.1,0,-1,,-3,-2,TWSE T86
2026-08-18,00918,大華優利高填息30,-1620.0,0.0,-3544.2,-5164,-5164.2,0,-2,,-4,-3,TWSE T86
2026-08-19,00918,大華優利高填息30,-3306.5,0.0,507.8,-2799,-2798.8,0,-3,,1,-4,TWSE T86
2026-08-20,00918,大華優利高填息30,-1694.9,0.0,-6778.4,-8473,-8473.3,0,-4,,-1,-5,TWSE T86
2026-08-21,00918,大華優利高填息30,-25.9,0.0,-1122.7,-1149,-1148.6,0,-5,,-2,-6,TWSE T86
2026-08-24,00918,大華優利高填息30,-1316.8,0.0,-1257.6,-2575,-2574.4,-1,-6,,-3,-7,TWSE T86
2026-08-25,00918,大華優利高填息30,-3295.8,0.0,-1521.1,-4817,-4816.9,0,-7,,-4,-8,TWSE T86
2026-08-26,00918,大華優利高填息30,50.7,0.0,643.5,695,694.3,1,1,,1,1,TWSE T86
2026-08-27,00918,大華優利高填息30,-412.0,0.0,-4351.2,-4763,-4763.2,0,-1,,-1,-1,TWSE T86
2026-08-28,00918,大華優利高填息30,-98.0,0.0,-3471.6,-3570,-3569.6,0,-2,,-2,-2,TWSE T86
2026-08-31,00918,大華優利高填息30,-1537.8,0.0,-5821.8,-7360,-7359.6,0,-3,,-3,-3,TWSE T86
2026-09-01,00918,大華優利高填息30,-2327.4,0.0,-82621.1,-84948,-84948.4,0,-4,,-4,-4,TWSE T86
2026-09-02,00918,大華優利高填息30,1604.0,0.0,-65705.1,-64101,-64101.1,0,1,,-5,-5,TWSE T86
2026-09-03,00918,大華優利高填息30,-16734.3,0.0,-54433.3,-71167,-71167.6,1,-1,,-6,-6,TWSE T86
2026-09-04,00918,大華優利高填息30,3074.9,0.0,-27534.8,-24460,-24459.9,0,1,,-7,-7,TWSE T86
2026-09-07,00918,大華優利高填息30,-5979.7,0.0,-107417.6,-113398,-113397.3,-1,-1,,-8,-8,TWSE T86
2026-09-08,00918,大華優利高填息30,-1839.4,0.0,-75465.3,-77304,-77304.7,1,-2,,-9,-9,TWSE T86
2026-09-09,00918,大華優利高填息30,115.2,0.0,-36054.2,-35939,-35939.1,0,1,,-10,-10,TWSE T86
2026-09-10,00918,大華優利高填息30,-1043.1,0.0,-62137.5,-63181,-63180.7,0,-1,,-11,-11,TWSE T86
2026-09-11,00918,大華優利高填息30,776.7,0.0,-61819.0,-61042,-61042.3,0,1,,-12,-12,TWSE T86
2026-09-14,00918,大華優利高填息30,-198.3,0.0,-51867.2,-52065,-52065.5,0,-1,,-13,-13,TWSE T86
2026-09-15,00918,大華優利高填息30,-1312.4,0.0,-67874.6,-69187,-69187.0,0,-2,,-14,-14,TWSE T86
2026-09-16,00918,大華優利高填息30,1309.8,0.0,-91297.9,-89988,-89988.1,0,1,,-15,-15,TWSE T86
2026-09-17,00918,大華優利高填息30,-1568.0,0.0,-134090.7,-135659,-135658.7,0,-1,,-16,-16,TWSE T86
2026-09-18,00918,大華優利高填息30,2124.8,0.0,-142749.9,-140625,-140625.1,0,1,,-17,-17,TWSE T86
2026-09-21,00918,大華優利高填息30,4149.5,0.0,-29346.1,-25196,-25196.5,1,2,,-18,-18,TWSE T86
2026-09-22,00918,大華優利高填息30,-7369.0,0.0,-28470.3,-35839,-35839.3,0,-1,,-19,-19,TWSE T86
2026-09-23,00918,大華優利高填息30,-458.0,0.0,-18610.8,-19069,-19068.8,0,-2,,-20,-20,TWSE T86
2026-09-24,00918,大華優利高填息30,1406.3,0.0,-23745.4,-22339,-22339.1,0,1,,-21,-21,TWSE T86
2026-08-07,5876,上海商銀,331.6,320.0,47.9,700,699.5,0,1,1,1,1,TWSE T86
2026-08-10,5876,上海商銀,904.1,221.0,-1077.5,47,47.5,-1,2,2,-1,2,TWSE T86
2026-08-11,5876,上海商銀,-42.5,306.6,-218.5,46,45.6,0,-1,3,-2,3,TWSE T86
2026-08-12,5876,上海商銀,-1007.2,193.0,-5.3,-819,-819.5,0,-2,4,-3,-1,TWSE T86
2026-08-13,5876,上海商銀,-2424.0,118.0,-142.4,-2448,-2448.3,0,-3,5,-4,-2,TWSE T86
2026-08-14,5876,上海商銀,-821.3,282.0,-338.7,-878,-878.0,0,-4,6,-5,-3,TWSE T86
2026-08-17,5876,上海商銀,365.5,-477.0,64.5,-47,-47.0,0,1,-1,1,-4,TWSE T86
2026-08-18,5876,上海商銀,1666.5,519.0,-22.3,2163,2163.2,0,2,1,-1,1,TWSE T86
2026-08-19,5876,上海商銀,2051.4,185.0,-227.8,2008,2008.6,-1,3,2,-2,2,TWSE T86
2026-08-20,5876,上海商銀,1306.8,96.0,84.6,1488,1487.4,1,4,3,1,3,TWSE T86
2026-08-21,5876,上海商銀,3360.2,-0.0,116.1,3476,3476.3,0,5,-1,2,4,TWSE T86
2026-08-24,5876,上海商銀,-359.3,75.0,-6.1,-290,-290.4,0,-1,1,-1,-1,TWSE T86
2026-08-25,5876,上海商銀,780.1,139.0,-67.5,852,851.6,0,1,2,-2,1,TWSE T86
2026-08-26,5876,上海商銀,-1000.1,59.0,47.7,-893,-893.4,0,-1,3,1,-1,TWSE T86
2026-08-27,5876,上海商銀,104.7,-48.2,-289.1,-232,-232.6,1,1,-1,-1,-2,TWSE T86
2026-08-28,5876,上海商銀,-785.0,-795.0,-101.9,-1682,-1681.9,0,-1,-2,-2,-3,TWSE T86
2026-08-31,5876,上海商銀,-680.1,-958.1,-516.6,-2155,-2154.7,0,-2,-3,-3,-4,TWSE T86
2026-09-01,5876,上海商銀,7229.4,1264.0,-175.8,8317,8317.7,-1,1,1,-4,1,TWSE T86
2026-09-02,5876,上海商銀,7922.1,-851.0,-299.9,6771,6771.2,0,2,-1,-5,2,TWSE T86
2026-09-03,5876,上海商銀,2516.9,2966.0,-296.4,5187,5186.5,0,3,1,-6,3,TWSE T86
2026-09-04,5876,上海商銀,1968.6,727.0,8.2,2704,2703.8,0,4,2,1,4,TWSE T86
2026-09-07,5876,上海商銀,4823.8,1059.0,50.6,5934,5933.4,1,5,3,2,5,TWSE T86
2026-09-08,5876,上海商銀,11795.6,340.0,-98.6,12037,12037.0,0,6,4,-1,6,TWSE T86
2026-09-09,5876,上海商銀,387.2,88.0,-117.8,357,357.3,0,7,5,-2,7,TWSE T86
2026-09-10,5876,上海商銀,2637.5,290.0,-97.0,2831,2830.5,0,8,6,-3,8,TWSE T86
2026-09-11,5876,上海商銀,3596.6,610.0,40.0,4247,4246.6,0,9,7,1,9,TWSE T86
2026-09-14,5876,上海商銀,3123.4,-219.0,110.8,3015,3015.2,0,10,-1,2,10,TWSE T86
2026-09-15,5876,上海商銀,1222.2,647.0,133.6,2003,2002.7,0,11,1,3,11,TWSE T86
2026-09-16,5876,上海商銀,211.0,1043.0,181.4,1435,1435.4,0,12,2,4,12,TWSE T86
2026-09-17,5876,上海商銀,2123.5,575.0,171.0,2870,2869.5,0,13,3,5,13,TWSE T86
2026-09-18,5876,上海商銀,-471.7,446.9,319.4,294,294.6,-1,-1,4,6,14,TWSE T86
2026-09-21,5876,上海商銀,654.4,133.0,90.0,877,877.4,0,1,5,7,15,TWSE T86
2026-09-22,5876,上海商銀,1488.2,439.0,265.4,2192,2192.6,-1,2,6,8,16,TWSE T86
2026-09-23,5876,上海商銀,-466.9,390.0,260.1,183,183.2,0,-1,7,9,17,TWSE T86
2026-09-24,5876,上海商銀,-931.0,757.0,304.6,131,130.5,0,-2,8,10,18,TWSE T86
2026-08-07,9914,美利達,357.2,0.0,-30.4,327,326.8,0,1,,-1,1,TWSE T86
2026-08-10,9914,美利達,1317.2,0.0,-112.2,1205,1205.0,0,2,,-2,2,TWSE T86
2026-08-11,9914,美利達,829.4,0.7,414.5,1244,1244.5,0,3,1,1,3,TWSE T86
2026-08-12,9914,美利達,1259.2,118.0,-64.6,1312,1312.5,-1,4,2,-1,4,TWSE T86
2026-08-13,9914,美利達,-1939.6,0.0,-169.3,-2109,-2108.8,0,-1,,-2,-1,TWSE T86
2026-08-14,9914,美利達,-667.8,0.0,-64.4,-732,-732.3,0,-2,,-3,-2,TWSE T86
2026-08-17,9914,美利達,-789.5,0.0,241.2,-548,-548.3,0,-3,,1,-3,TWSE T86
2026-08-18,9914,美利達,-218.0,0.0,54.2,-164,-163.7,0,-4,,2,-4,TWSE T86
2026-08-19,9914,美利達,2430.6,-3.0,469.9,2898,2897.5,0,1,-1,3,1,TWSE T86
2026-08-20,9914,美利達,544.8,0.0,-22.6,522,522.2,0,2,,-1,2,TWSE T86
2026-08-21,9914,美利達,-247.3,0.0,20.8,-226,-226.5,0,-1,,1,-1,TWSE T86
2026-08-24,9914,美利達,-682.1,0.0,-19.7,-702,-701.8,0,-2,,-1,-2,TWSE T86
2026-08-25,9914,美利達,418.0,0.0,-78.2,340,339.8,0,1,,-2,1,TWSE T86
2026-08-26,9914,美利達,-594.7,0.0,-30.5,-626,-625.2,-1,-1,,-3,-1,TWSE T86
2026-08-27,9914,美利達,6.0,0.0,-26.3,-20,-20.3,0,1,,-4,-2,TWSE T86
2026-08-28,9914,美利達,-772.7,0.0,-4.3,-777,-777.0,0,-1,,-5,-3,TWSE T86
2026-08-31,9914,美利達,-416.5,0.0,12.9,-403,-403.6,1,-2,,1,-4,TWSE T86
2026-09-01,9914,美利達,-167.7,-152.0,43.0,-277,-276.7,0,-3,-1,2,-5,TWSE T86
2026-09-02,9914,美利達,-432.8,0.0,-83.2,-516,-515.9,0,-4,,-1,-6,TWSE T86
2026-09-03,9914,美利達,-396.4,-153.0,-26.6,-576,-576.0,0,-5,-1,-2,-7,TWSE T86
2026-09-04,9914,美利達,-100.0,-2.0,2.2,-100,-99.8,0,-6,-2,1,-8,TWSE T86
2026-09-07,9914,美利達,-650.8,-1.0,-44.5,-696,-696.3,0,-7,-3,-1,-9,TWSE T86
2026-09-08,9914,美利達,-78.2,0.0,-12.6,-91,-90.8,0,-8,,-2,-10,TWSE T86
2026-09-09,9914,美利達,-213.7,1.0,-27.7,-241,-240.4,-1,-9,1,-3,-11,TWSE T86
2026-09-10,9914,美利達,-379.6,-8.0,-31.6,-420,-419.1,-1,-10,-1,-4,-12,TWSE T86
2026-09-11,9914,美利達,-2105.7,0.0,-471.8,-2578,-2577.4,-1,-11,,-5,-13,TWSE T86
2026-09-14,9914,美利達,11.0,0.0,-104.2,-93,-93.2,0,1,,-6,-14,TWSE T86
2026-09-15,9914,美利達,92.3,-49.0,-50.6,-8,-7.3,-1,2,-1,-7,-15,TWSE T86
2026-09-16,9914,美利達,-211.0,-20.0,-32.2,-263,-263.2,0,-1,-2,-8,-16,TWSE T86
2026-09-17,9914,美利達,-237.0,38.0,4.2,-195,-194.7,0,-2,1,1,-17,TWSE T86
2026-09-18,9914,美利達,-260.2,0.0,-18.4,-278,-278.6,1,-3,,-1,-18,TWSE T86
2026-09-21,9914,美利達,-116.9,0.0,-2.8,-120,-119.7,0,-4,,-2,-19,TWSE T86
2026-09-22,9914,美利達,-537.9,0.0,-0.3,-538,-538.2,0,-5,,-3,-20,TWSE T86
2026-09-23,9914,美利達,-233.2,0.0,8.7,-224,-224.5,0,-6,,1,-21,TWSE T86
2026-09-24,9914,美利達,-71.0,0.0,-0.5,-71,-71.5,0,-7,,-1,-22,TWSE T86
