資料日,主導法人,方向,名次,產業,金額(億),淨額(張),檔數,價格同向比例,代表股,判讀
2026-08-28,外資,流入,1,半導體,202.31,96166.1,95,0.988,"聯電(+95,649張)、聯發科(+996張)、京元電子(+13,987張)",資金流入半導體（聯電／聯發科） +202.3 億，價格同向 99%；流出航運業（漢翔／陽明） -51.1 億，價格同向 100%；主導法人為外資。
2026-08-28,外資,流入,2,ETF／受益憑證,160.8,617088.8,240,0.985,"元大台灣50(+37,114張)、主動統一台股增長(+121,769張)、主動統一升級50(+352,824張)",資金流入半導體（聯電／聯發科） +202.3 億，價格同向 99%；流出航運業（漢翔／陽明） -51.1 億，價格同向 100%；主導法人為外資。
2026-08-28,外資,流入,3,光電,90.45,49230.0,68,0.963,"大立光(+624張)、玉晶光(+3,254張)、群創(+28,358張)",資金流入半導體（聯電／聯發科） +202.3 億，價格同向 99%；流出航運業（漢翔／陽明） -51.1 億，價格同向 100%；主導法人為外資。
2026-08-28,外資,流出,1,航運業,-51.08,-85913.9,28,1.0,"漢翔(-27,505張)、陽明(-17,498張)、長榮航太(-3,344張)",資金流入半導體（聯電／聯發科） +202.3 億，價格同向 99%；流出航運業（漢翔／陽明） -51.1 億，價格同向 100%；主導法人為外資。
2026-08-28,外資,流出,2,電機機械,-41.3,-26299.5,48,0.935,高力(-677張)、新代(-254張)、華城(-613張),資金流入半導體（聯電／聯發科） +202.3 億，價格同向 99%；流出航運業（漢翔／陽明） -51.1 億，價格同向 100%；主導法人為外資。
2026-08-28,外資,流出,3,其他電子,-36.16,-18666.4,46,0.99,"盟立(-8,008張)、亞翔(-1,222張)、鴻準(-8,701張)",資金流入半導體（聯電／聯發科） +202.3 億，價格同向 99%；流出航運業（漢翔／陽明） -51.1 億，價格同向 100%；主導法人為外資。
2026-08-31,外資,流入,1,金融保險,80.06,216554.5,31,1.0,"台新新光金(+35,163張)、國泰金(+10,267張)、凱基金(+28,966張)",資金流入金融保險（台新新光金／國泰金） +80.1 億，價格同向 100%；流出半導體（台積電／景碩） -287.0 億，價格同向 99%；主導法人為外資。
2026-08-31,外資,流入,2,塑膠工業,65.62,89829.5,21,0.999,"南亞(+12,936張)、台塑(+26,085張)、台化(+19,196張)",資金流入金融保險（台新新光金／國泰金） +80.1 億，價格同向 100%；流出半導體（台積電／景碩） -287.0 億，價格同向 99%；主導法人為外資。
2026-08-31,外資,流入,3,電腦及週邊,30.16,34917.5,64,0.992,"華碩(+1,294張)、廣達(+3,793張)、微星(+8,136張)",資金流入金融保險（台新新光金／國泰金） +80.1 億，價格同向 100%；流出半導體（台積電／景碩） -287.0 億，價格同向 99%；主導法人為外資。
2026-08-31,外資,流出,1,半導體,-287.04,24235.0,95,0.99,"台積電(-5,694張)、景碩(-8,604張)、日月光投控(-11,032張)",資金流入金融保險（台新新光金／國泰金） +80.1 億，價格同向 100%；流出半導體（台積電／景碩） -287.0 億，價格同向 99%；主導法人為外資。
2026-08-31,外資,流出,2,ETF／受益憑證,-72.54,-387097.1,240,0.906,"主動中信台灣收益(-283,919張)、元大台灣50(-22,844張)、元大台灣50正2(-36,124張)",資金流入金融保險（台新新光金／國泰金） +80.1 億，價格同向 100%；流出半導體（台積電／景碩） -287.0 億，價格同向 99%；主導法人為外資。
2026-08-31,外資,流出,3,生技醫療,-33.08,-12105.7,60,0.975,"藥華藥(-1,799張)、康霈*(-7,526張)、視陽(-257張)",資金流入金融保險（台新新光金／國泰金） +80.1 億，價格同向 100%；流出半導體（台積電／景碩） -287.0 億，價格同向 99%；主導法人為外資。
2026-09-01,外資,流入,1,ETF／受益憑證,316.95,1122563.0,244,0.997,"元大台灣50(+77,711張)、元大台灣50正2(+177,763張)、主動統一升級50(+372,888張)",資金流入ETF／受益憑證（元大台灣50／元大台灣50正2） +317.0 億，價格同向 100%；流出半導體（南亞科／華邦電） -110.6 億，價格同向 91%；主導法人為外資。
2026-09-01,外資,流入,2,電子零組件,86.08,19365.2,102,0.764,"臻鼎-KY(+13,197張)、國巨*(+5,746張)、欣興(+2,158張)",資金流入ETF／受益憑證（元大台灣50／元大台灣50正2） +317.0 億，價格同向 100%；流出半導體（南亞科／華邦電） -110.6 億，價格同向 91%；主導法人為外資。
2026-09-01,外資,流入,3,其他電子,65.59,30336.7,46,0.996,"鴻海(+15,111張)、貿聯-KY(+258張)、鴻準(+8,856張)",資金流入ETF／受益憑證（元大台灣50／元大台灣50正2） +317.0 億，價格同向 100%；流出半導體（南亞科／華邦電） -110.6 億，價格同向 91%；主導法人為外資。
2026-09-01,外資,流出,1,半導體,-110.63,-156176.9,95,0.91,"南亞科(-42,587張)、華邦電(-67,020張)、力積電(-80,526張)",資金流入ETF／受益憑證（元大台灣50／元大台灣50正2） +317.0 億，價格同向 100%；流出半導體（南亞科／華邦電） -110.6 億，價格同向 91%；主導法人為外資。
2026-09-01,外資,流出,2,生技醫療,-24.22,-11773.0,56,0.994,"藥華藥(-991張)、康霈*(-9,379張)、保瑞(-380張)",資金流入ETF／受益憑證（元大台灣50／元大台灣50正2） +317.0 億，價格同向 100%；流出半導體（南亞科／華邦電） -110.6 億，價格同向 91%；主導法人為外資。
2026-09-01,外資,流出,3,其他,-4.71,-5244.6,49,0.928,"中租-KY(-3,527張)、裕融(-490張)、潤泰新(-1,086張)",資金流入ETF／受益憑證（元大台灣50／元大台灣50正2） +317.0 億，價格同向 100%；流出半導體（南亞科／華邦電） -110.6 億，價格同向 91%；主導法人為外資。
2026-09-02,外資,流入,1,金融保險,57.77,189476.4,31,0.971,"兆豐金(+20,390張)、合庫金(+26,935張)、第一金(+18,217張)",資金流入金融保險（兆豐金／合庫金） +57.8 億，價格同向 97%；流出半導體（台積電／聯電） -440.7 億，價格同向 98%；主導法人為外資。
2026-09-02,外資,流入,2,光電,48.76,21309.7,68,0.856,"大立光(+327張)、亞光(+7,284張)、玉晶光(+306張)",資金流入金融保險（兆豐金／合庫金） +57.8 億，價格同向 97%；流出半導體（台積電／聯電） -440.7 億，價格同向 98%；主導法人為外資。
2026-09-02,外資,流入,3,通信網路,22.75,10974.4,43,0.996,"全新(+4,100張)、中華電(+5,342張)、光聖(+380張)",資金流入金融保險（兆豐金／合庫金） +57.8 億，價格同向 97%；流出半導體（台積電／聯電） -440.7 億，價格同向 98%；主導法人為外資。
2026-09-02,外資,流出,1,半導體,-440.69,-86862.9,95,0.98,"台積電(-12,751張)、聯電(-48,192張)、日月光投控(-6,836張)",資金流入金融保險（兆豐金／合庫金） +57.8 億，價格同向 97%；流出半導體（台積電／聯電） -440.7 億，價格同向 98%；主導法人為外資。
2026-09-02,外資,流出,2,電子零組件,-376.75,-51399.8,101,0.969,"台達電(-8,386張)、國巨*(-18,880張)、臻鼎-KY(-7,479張)",資金流入金融保險（兆豐金／合庫金） +57.8 億，價格同向 97%；流出半導體（台積電／聯電） -440.7 億，價格同向 98%；主導法人為外資。
2026-09-02,外資,流出,3,ETF／受益憑證,-252.9,-1062925.5,243,0.853,"元大台灣50(-38,735張)、元大台灣50正2(-103,552張)、主動統一台股增長(-85,554張)",資金流入金融保險（兆豐金／合庫金） +57.8 億，價格同向 97%；流出半導體（台積電／聯電） -440.7 億，價格同向 98%；主導法人為外資。
2026-09-03,外資,流入,1,金融保險,72.04,166479.8,31,1.0,"元大金(+19,362張)、兆豐金(+22,800張)、國泰金(+7,462張)",資金流入金融保險（元大金／兆豐金） +72.0 億，價格同向 100%；流出半導體（南亞科／景碩） -287.9 億，價格同向 95%；主導法人為外資。
2026-09-03,外資,流入,2,通信網路,32.64,4021.4,43,0.423,"全新(+3,002張)、光聖(+884張)、台灣大(+9,605張)",資金流入金融保險（元大金／兆豐金） +72.0 億，價格同向 100%；流出半導體（南亞科／景碩） -287.9 億，價格同向 95%；主導法人為外資。
2026-09-03,外資,流入,3,航運業,32.58,52638.8,27,0.993,"長榮(+4,103張)、陽明(+9,926張)、長榮航(+12,452張)",資金流入金融保險（元大金／兆豐金） +72.0 億，價格同向 100%；流出半導體（南亞科／景碩） -287.9 億，價格同向 95%；主導法人為外資。
2026-09-03,外資,流出,1,半導體,-287.91,-109513.9,96,0.948,"南亞科(-39,303張)、景碩(-6,984張)、華邦電(-31,899張)",資金流入金融保險（元大金／兆豐金） +72.0 億，價格同向 100%；流出半導體（南亞科／景碩） -287.9 億，價格同向 95%；主導法人為外資。
2026-09-03,外資,流出,2,電子零組件,-171.5,-44431.1,102,1.0,"南電(-7,726張)、臻鼎-KY(-12,340張)、國巨*(-5,805張)",資金流入金融保險（元大金／兆豐金） +72.0 億，價格同向 100%；流出半導體（南亞科／景碩） -287.9 億，價格同向 95%；主導法人為外資。
2026-09-03,外資,流出,3,ETF／受益憑證,-122.91,-660204.3,242,0.843,"大華優利高填息30(-71,168張)、主動統一台股增長(-63,086張)、主動中信台灣收益(-145,345張)",資金流入金融保險（元大金／兆豐金） +72.0 億，價格同向 100%；流出半導體（南亞科／景碩） -287.9 億，價格同向 95%；主導法人為外資。
2026-09-04,外資,流入,1,電腦及週邊,273.02,186687.7,63,1.0,"緯創(+27,727張)、廣達(+13,164張)、奇鋐(+955張)",資金流入電腦及週邊（緯創／廣達） +273.0 億，價格同向 100%；流出航運業（長榮／萬海） -20.5 億，價格同向 96%；主導法人為外資。
2026-09-04,外資,流入,2,電子零組件,135.98,40223.8,103,0.957,"國巨*(+18,745張)、台達電(+1,795張)、華新科(+10,630張)",資金流入電腦及週邊（緯創／廣達） +273.0 億，價格同向 100%；流出航運業（長榮／萬海） -20.5 億，價格同向 96%；主導法人為外資。
2026-09-04,外資,流入,3,ETF／受益憑證,104.2,256058.1,244,0.997,"元大台灣50(+22,270張)、元大台灣50正2(+60,821張)、國泰永續高股息(+40,876張)",資金流入電腦及週邊（緯創／廣達） +273.0 億，價格同向 100%；流出航運業（長榮／萬海） -20.5 億，價格同向 96%；主導法人為外資。
2026-09-04,外資,流出,1,航運業,-20.47,-15068.1,28,0.956,"長榮(-7,002張)、萬海(-1,123張)、裕民(-1,013張)",資金流入電腦及週邊（緯創／廣達） +273.0 億，價格同向 100%；流出航運業（長榮／萬海） -20.5 億，價格同向 96%；主導法人為外資。
2026-09-04,外資,流出,2,塑膠工業,-16.12,-18883.6,20,0.069,"南亞(-5,568張)、台化(-2,411張)、台塑(-1,095張)",資金流入電腦及週邊（緯創／廣達） +273.0 億，價格同向 100%；流出航運業（長榮／萬海） -20.5 億，價格同向 96%；主導法人為外資。
2026-09-04,外資,流出,3,生技醫療,-10.87,-2984.9,57,0.847,"藥華藥(-702張)、康霈*(-1,848張)、台耀(-394張)",資金流入電腦及週邊（緯創／廣達） +273.0 億，價格同向 100%；流出航運業（長榮／萬海） -20.5 億，價格同向 96%；主導法人為外資。
2026-09-07,外資,流入,1,半導體,1112.58,307544.8,96,0.999,"台積電(+16,488張)、聯發科(+4,277張)、日月光投控(+18,519張)",資金流入半導體（台積電／聯發科） +1112.6 億，價格同向 100%；流出電腦及週邊（緯穎／光寶科） -212.1 億，價格同向 98%；主導法人為外資。
2026-09-07,外資,流入,2,ETF／受益憑證,174.87,547168.0,246,0.975,"元大台灣50(+57,201張)、元大台灣50正2(+160,332張)、主動統一台股增長(+89,670張)",資金流入半導體（台積電／聯發科） +1112.6 億，價格同向 100%；流出電腦及週邊（緯穎／光寶科） -212.1 億，價格同向 98%；主導法人為外資。
2026-09-07,外資,流入,3,電子零組件,84.99,-6712.0,103,0.999,"臻鼎-KY(+13,172張)、國巨*(+7,287張)、華新科(+8,662張)",資金流入半導體（台積電／聯發科） +1112.6 億，價格同向 100%；流出電腦及週邊（緯穎／光寶科） -212.1 億，價格同向 98%；主導法人為外資。
2026-09-07,外資,流出,1,電腦及週邊,-212.14,-130147.9,64,0.976,"緯穎(-2,082張)、光寶科(-10,079張)、仁寶(-53,617張)",資金流入半導體（台積電／聯發科） +1112.6 億，價格同向 100%；流出電腦及週邊（緯穎／光寶科） -212.1 億，價格同向 98%；主導法人為外資。
2026-09-07,外資,流出,2,電機機械,-11.14,-1186.8,48,0.977,"高力(-2,090張)、直得(-621張)、大量(-46張)",資金流入半導體（台積電／聯發科） +1112.6 億，價格同向 100%；流出電腦及週邊（緯穎／光寶科） -212.1 億，價格同向 98%；主導法人為外資。
2026-09-07,外資,流出,3,化學工業,-10.87,-20056.2,28,0.931,"長興(-8,652張)、中華化(-1,658張)、材料*-KY(-1,258張)",資金流入半導體（台積電／聯發科） +1112.6 億，價格同向 100%；流出電腦及週邊（緯穎／光寶科） -212.1 億，價格同向 98%；主導法人為外資。
2026-09-08,外資,流入,1,半導體,398.76,24837.3,96,0.966,"南亞科(+34,985張)、華邦電(+97,692張)、台積電(+6,303張)",資金流入半導體（南亞科／華邦電） +398.8 億，價格同向 97%；流出電腦及週邊（緯創／廣達） -255.3 億，價格同向 100%；主導法人為外資。
2026-09-08,外資,流入,2,金融保險,57.37,157393.8,31,0.995,"台新新光金(+18,272張)、玉山金(+16,818張)、兆豐金(+12,594張)",資金流入半導體（南亞科／華邦電） +398.8 億，價格同向 97%；流出電腦及週邊（緯創／廣達） -255.3 億，價格同向 100%；主導法人為外資。
2026-09-08,外資,流入,3,電機機械,20.85,-712.6,48,0.983,"大量(+4,376張)、中興電(+258張)、亞力(+168張)",資金流入半導體（南亞科／華邦電） +398.8 億，價格同向 97%；流出電腦及週邊（緯創／廣達） -255.3 億，價格同向 100%；主導法人為外資。
2026-09-08,外資,流出,1,電腦及週邊,-255.29,-152446.2,64,1.0,"緯創(-43,345張)、廣達(-13,412張)、緯穎(-1,510張)",資金流入半導體（南亞科／華邦電） +398.8 億，價格同向 97%；流出電腦及週邊（緯創／廣達） -255.3 億，價格同向 100%；主導法人為外資。
2026-09-08,外資,流出,2,電子零組件,-145.86,-43212.5,102,0.981,"台達電(-1,282張)、台虹(-7,513張)、川湖(-151張)",資金流入半導體（南亞科／華邦電） +398.8 億，價格同向 97%；流出電腦及週邊（緯創／廣達） -255.3 億，價格同向 100%；主導法人為外資。
2026-09-08,外資,流出,3,ETF／受益憑證,-105.09,-539295.4,246,0.977,"大華優利高填息30(-77,305張)、群益台灣精選高息(-76,777張)、復華台灣科技優息(-65,946張)",資金流入半導體（南亞科／華邦電） +398.8 億，價格同向 97%；流出電腦及週邊（緯創／廣達） -255.3 億，價格同向 100%；主導法人為外資。
2026-09-09,外資,流入,1,光電,74.55,166324.5,68,0.995,"群創(+88,346張)、友達(+63,469張)、鼎元(+3,674張)",資金流入光電（群創／友達） +74.6 億，價格同向 100%；流出半導體（華邦電／台積電） -71.1 億，價格同向 99%；主導法人為外資。
2026-09-09,外資,流入,2,電子零組件,60.75,10302.0,102,0.918,"欣興(+4,539張)、南電(+2,505張)、健策(+144張)",資金流入光電（群創／友達） +74.6 億，價格同向 100%；流出半導體（華邦電／台積電） -71.1 億，價格同向 99%；主導法人為外資。
2026-09-09,外資,流入,3,電腦及週邊,46.17,36552.4,64,0.994,"廣達(+13,598張)、緯創(+4,891張)、微星(+3,867張)",資金流入光電（群創／友達） +74.6 億，價格同向 100%；流出半導體（華邦電／台積電） -71.1 億，價格同向 99%；主導法人為外資。
2026-09-09,外資,流出,1,半導體,-71.09,-2677.0,96,0.989,"華邦電(-61,047張)、台積電(-2,721張)、聯發科(-608張)",資金流入光電（群創／友達） +74.6 億，價格同向 100%；流出半導體（華邦電／台積電） -71.1 億，價格同向 99%；主導法人為外資。
2026-09-09,外資,流出,2,金融保險,-32.0,-59018.5,31,0.998,"玉山金(-17,176張)、中信金(-10,000張)、凱基金(-14,093張)",資金流入光電（群創／友達） +74.6 億，價格同向 100%；流出半導體（華邦電／台積電） -71.1 億，價格同向 99%；主導法人為外資。
2026-09-09,外資,流出,3,生技醫療,-23.21,-9167.5,61,0.977,"藥華藥(-1,351張)、沛爾生醫*-創(-6,552張)、保瑞(-137張)",資金流入光電（群創／友達） +74.6 億，價格同向 100%；流出半導體（華邦電／台積電） -71.1 億，價格同向 99%；主導法人為外資。
2026-09-10,外資,流入,1,半導體,89.05,33718.2,96,0.979,"聯發科(+1,781張)、日月光投控(+4,338張)、力積電(+30,180張)",資金流入半導體（聯發科／日月光投控） +89.1 億，價格同向 98%；流出電子零組件（台達電／新日興） -311.4 億，價格同向 88%；主導法人為外資。
2026-09-10,外資,流入,2,金融保險,26.31,57385.2,31,0.715,"第一金(+16,664張)、凱基金(+14,144張)、玉山金(+8,392張)",資金流入半導體（聯發科／日月光投控） +89.1 億，價格同向 98%；流出電子零組件（台達電／新日興） -311.4 億，價格同向 88%；主導法人為外資。
2026-09-10,外資,流入,3,塑膠工業,18.65,4661.3,21,1.0,"南亞(+9,391張)、國喬(+10,046張)、達新(+2張)",資金流入半導體（聯發科／日月光投控） +89.1 億，價格同向 98%；流出電子零組件（台達電／新日興） -311.4 億，價格同向 88%；主導法人為外資。
2026-09-10,外資,流出,1,電子零組件,-311.37,-53855.7,101,0.879,"台達電(-11,304張)、新日興(-7,578張)、臻鼎-KY(-2,575張)",資金流入半導體（聯發科／日月光投控） +89.1 億，價格同向 98%；流出電子零組件（台達電／新日興） -311.4 億，價格同向 88%；主導法人為外資。
2026-09-10,外資,流出,2,ETF／受益憑證,-114.17,-475355.2,244,0.979,"大華優利高填息30(-63,181張)、元大台灣50(-18,658張)、群益台灣精選高息(-59,577張)",資金流入半導體（聯發科／日月光投控） +89.1 億，價格同向 98%；流出電子零組件（台達電／新日興） -311.4 億，價格同向 88%；主導法人為外資。
2026-09-10,外資,流出,3,電腦及週邊,-102.08,-63364.0,64,0.889,"緯創(-33,432張)、廣達(-3,631張)、微星(-6,079張)",資金流入半導體（聯發科／日月光投控） +89.1 億，價格同向 98%；流出電子零組件（台達電／新日興） -311.4 億，價格同向 88%；主導法人為外資。
2026-09-11,外資,流入,1,金融保險,61.27,176235.5,31,0.966,"第一金(+18,836張)、兆豐金(+13,870張)、凱基金(+17,346張)",資金流入金融保險（第一金／兆豐金） +61.3 億，價格同向 97%；流出半導體（台積電／世芯-KY） -622.8 億，價格同向 100%；主導法人為外資。
2026-09-11,外資,流入,2,航運業,33.15,51601.5,28,0.988,"陽明(+23,748張)、長榮(+4,074張)、長榮航(+8,430張)",資金流入金融保險（第一金／兆豐金） +61.3 億，價格同向 97%；流出半導體（台積電／世芯-KY） -622.8 億，價格同向 100%；主導法人為外資。
2026-09-11,外資,流入,3,電機機械,18.84,2863.9,47,0.905,"中砂(+1,462張)、高力(+529張)、大銀微系統(+508張)",資金流入金融保險（第一金／兆豐金） +61.3 億，價格同向 97%；流出半導體（台積電／世芯-KY） -622.8 億，價格同向 100%；主導法人為外資。
2026-09-11,外資,流出,1,半導體,-622.75,-159705.5,96,0.999,"台積電(-8,832張)、世芯-KY(-2,180張)、南亞科(-13,420張)",資金流入金融保險（第一金／兆豐金） +61.3 億，價格同向 97%；流出半導體（台積電／世芯-KY） -622.8 億，價格同向 100%；主導法人為外資。
2026-09-11,外資,流出,2,ETF／受益憑證,-354.91,-1447648.1,242,0.997,"元大台灣50(-66,988張)、元大台灣50正2(-129,884張)、群益台灣精選高息(-82,490張)",資金流入金融保險（第一金／兆豐金） +61.3 億，價格同向 97%；流出半導體（台積電／世芯-KY） -622.8 億，價格同向 100%；主導法人為外資。
2026-09-11,外資,流出,3,電子零組件,-92.71,-18382.3,101,0.941,"台達電(-3,804張)、國巨*(-5,560張)、華新科(-7,901張)",資金流入金融保險（第一金／兆豐金） +61.3 億，價格同向 97%；流出半導體（台積電／世芯-KY） -622.8 億，價格同向 100%；主導法人為外資。
2026-09-14,外資,流入,1,電子零組件,50.85,6983.4,103,0.594,"國巨*(+4,048張)、欣興(+1,058張)、健策(+147張)",資金流入電子零組件（國巨*／欣興） +50.9 億，價格同向 59%；流出半導體（台積電／華邦電） -261.2 億，價格同向 99%；主導法人為外資。
2026-09-14,外資,流入,2,金融保險,48.16,120002.3,31,0.987,"富邦金(+5,490張)、第一金(+15,889張)、台新新光金(+13,877張)",資金流入電子零組件（國巨*／欣興） +50.9 億，價格同向 59%；流出半導體（台積電／華邦電） -261.2 億，價格同向 99%；主導法人為外資。
2026-09-14,外資,流入,3,通信網路,25.13,14407.2,43,0.861,"中華電(+11,602張)、全新(+752張)、智邦(+200張)",資金流入電子零組件（國巨*／欣興） +50.9 億，價格同向 59%；流出半導體（台積電／華邦電） -261.2 億，價格同向 99%；主導法人為外資。
2026-09-14,外資,流出,1,半導體,-261.22,-28610.5,96,0.995,"台積電(-10,462張)、華邦電(-53,213張)、南亞科(-13,522張)",資金流入電子零組件（國巨*／欣興） +50.9 億，價格同向 59%；流出半導體（台積電／華邦電） -261.2 億，價格同向 99%；主導法人為外資。
2026-09-14,外資,流出,2,ETF／受益憑證,-204.15,-750126.3,246,0.772,"元大台灣50(-47,586張)、元大台灣50正2(-55,465張)、群益台灣精選高息(-56,383張)",資金流入電子零組件（國巨*／欣興） +50.9 億，價格同向 59%；流出半導體（台積電／華邦電） -261.2 億，價格同向 99%；主導法人為外資。
2026-09-14,外資,流出,3,電機機械,-47.97,-8077.1,48,1.0,"高力(-1,661張)、上銀(-5,567張)、中砂(-424張)",資金流入電子零組件（國巨*／欣興） +50.9 億，價格同向 59%；流出半導體（台積電／華邦電） -261.2 億，價格同向 99%；主導法人為外資。
2026-09-15,外資,流入,1,通信網路,11.1,7324.2,43,0.786,"中華電(+11,902張)、光聖(+316張)、台灣大(+2,159張)",資金流入通信網路（中華電／光聖） +11.1 億，價格同向 79%；流出半導體（台積電／力積電） -369.5 億，價格同向 75%；主導法人為外資。
2026-09-15,外資,流入,2,資訊服務,2.29,710.7,11,1.0,精誠(+982張)、零壹(+428張)、敦陽科(+237張),資金流入通信網路（中華電／光聖） +11.1 億，價格同向 79%；流出半導體（台積電／力積電） -369.5 億，價格同向 75%；主導法人為外資。
2026-09-15,外資,流入,3,運動休閒,1.12,2422.5,17,0.952,"巨大(+534張)、寶成(+1,550張)、豐泰(+330張)",資金流入通信網路（中華電／光聖） +11.1 億，價格同向 79%；流出半導體（台積電／力積電） -369.5 億，價格同向 75%；主導法人為外資。
2026-09-15,外資,流出,1,半導體,-369.52,-153260.4,96,0.754,"台積電(-3,890張)、力積電(-74,671張)、聯發科(-984張)",資金流入通信網路（中華電／光聖） +11.1 億，價格同向 79%；流出半導體（台積電／力積電） -369.5 億，價格同向 75%；主導法人為外資。
2026-09-15,外資,流出,2,ETF／受益憑證,-268.32,-1065802.4,245,0.99,"群益台灣精選高息(-169,433張)、元大台灣50(-33,368張)、主動統一台股增長(-99,431張)",資金流入通信網路（中華電／光聖） +11.1 億，價格同向 79%；流出半導體（台積電／力積電） -369.5 億，價格同向 75%；主導法人為外資。
2026-09-15,外資,流出,3,塑膠工業,-47.28,-36372.5,21,1.0,"南亞(-17,149張)、台化(-7,708張)、台塑(-5,866張)",資金流入通信網路（中華電／光聖） +11.1 億，價格同向 79%；流出半導體（台積電／力積電） -369.5 億，價格同向 75%；主導法人為外資。
2026-09-16,外資,流入,1,半導體,53.91,126757.4,96,0.997,"南亞科(+8,138張)、華邦電(+20,912張)、聯發科(+729張)",資金流入半導體（南亞科／華邦電） +53.9 億，價格同向 100%；流出ETF／受益憑證（大華優利高填息30／主動統一台股增長） -165.1 億，價格同向 43%；主導法人為外資。
2026-09-16,外資,流入,2,金融保險,46.88,105462.3,31,0.976,"中信金(+12,941張)、台新新光金(+16,619張)、玉山金(+14,434張)",資金流入半導體（南亞科／華邦電） +53.9 億，價格同向 100%；流出ETF／受益憑證（大華優利高填息30／主動統一台股增長） -165.1 億，價格同向 43%；主導法人為外資。
2026-09-16,外資,流入,3,光電,31.37,113792.0,65,1.0,"友達(+56,611張)、群創(+26,953張)、瑞軒(+6,352張)",資金流入半導體（南亞科／華邦電） +53.9 億，價格同向 100%；流出ETF／受益憑證（大華優利高填息30／主動統一台股增長） -165.1 億，價格同向 43%；主導法人為外資。
2026-09-16,外資,流出,1,ETF／受益憑證,-165.15,-728223.5,244,0.433,"大華優利高填息30(-89,988張)、主動統一台股增長(-80,240張)、群益台灣精選高息(-56,943張)",資金流入半導體（南亞科／華邦電） +53.9 億，價格同向 100%；流出ETF／受益憑證（大華優利高填息30／主動統一台股增長） -165.1 億，價格同向 43%；主導法人為外資。
2026-09-16,外資,流出,2,電腦及週邊,-69.48,6744.7,63,0.69,"緯穎(-3,154張)、緯創(-9,401張)、光寶科(-2,633張)",資金流入半導體（南亞科／華邦電） +53.9 億，價格同向 100%；流出ETF／受益憑證（大華優利高填息30／主動統一台股增長） -165.1 億，價格同向 43%；主導法人為外資。
2026-09-16,外資,流出,3,電子零組件,-50.92,1897.7,101,0.445,"國巨*(-6,070張)、欣興(-1,508張)、台達電(-566張)",資金流入半導體（南亞科／華邦電） +53.9 億，價格同向 100%；流出ETF／受益憑證（大華優利高填息30／主動統一台股增長） -165.1 億，價格同向 43%；主導法人為外資。
2026-09-17,外資,流入,1,半導體,191.76,73100.8,96,0.865,"台積電(+5,244張)、聯電(+40,430張)、力積電(+36,050張)",資金流入半導體（台積電／聯電） +191.8 億，價格同向 87%；流出電子零組件（聯茂／臻鼎-KY） -209.0 億，價格同向 97%；主導法人為外資。
2026-09-17,外資,流入,2,塑膠工業,62.2,82768.3,21,1.0,"南亞(+19,072張)、台塑(+9,984張)、台化(+8,650張)",資金流入半導體（台積電／聯電） +191.8 億，價格同向 87%；流出電子零組件（聯茂／臻鼎-KY） -209.0 億，價格同向 97%；主導法人為外資。
2026-09-17,外資,流入,3,電腦及週邊,61.41,47870.4,64,0.847,"廣達(+7,975張)、緯創(+11,571張)、研華(+1,300張)",資金流入半導體（台積電／聯電） +191.8 億，價格同向 87%；流出電子零組件（聯茂／臻鼎-KY） -209.0 億，價格同向 97%；主導法人為外資。
2026-09-17,外資,流出,1,電子零組件,-208.96,-41711.4,103,0.965,"聯茂(-11,702張)、臻鼎-KY(-7,426張)、金像電(-3,391張)",資金流入半導體（台積電／聯電） +191.8 億，價格同向 87%；流出電子零組件（聯茂／臻鼎-KY） -209.0 億，價格同向 97%；主導法人為外資。
2026-09-17,外資,流出,2,ETF／受益憑證,-45.56,-487123.9,247,0.561,"大華優利高填息30(-135,659張)、主動中信台灣收益(-351,147張)、主動統一台股增長(-57,068張)",資金流入半導體（台積電／聯電） +191.8 億，價格同向 87%；流出電子零組件（聯茂／臻鼎-KY） -209.0 億，價格同向 97%；主導法人為外資。
2026-09-17,外資,流出,3,綠能環保,-1.55,-259.5,26,0.177,"聯友金屬-創(-128張)、可寧衛*(-1,731張)、富威電力(-126張)",資金流入半導體（台積電／聯電） +191.8 億，價格同向 87%；流出電子零組件（聯茂／臻鼎-KY） -209.0 億，價格同向 97%；主導法人為外資。
2026-09-18,外資,流入,1,半導體,1056.3,343108.7,96,1.0,"南亞科(+37,311張)、台積電(+7,879張)、聯發科(+3,058張)",資金流入半導體（南亞科／台積電） +1056.3 億，價格同向 100%；流出電腦及週邊（緯穎／光寶科） -32.9 億，價格同向 14%；主導法人為外資。
2026-09-18,外資,流入,2,電子零組件,141.82,31638.7,103,1.0,"台達電(+3,150張)、欣興(+4,084張)、國巨*(+4,065張)",資金流入半導體（南亞科／台積電） +1056.3 億，價格同向 100%；流出電腦及週邊（緯穎／光寶科） -32.9 億，價格同向 14%；主導法人為外資。
2026-09-18,外資,流入,3,ETF／受益憑證,105.29,633177.4,247,0.99,"元大台灣50正2(+96,424張)、主動統一升級50(+258,389張)、主動統一台股增長(+80,216張)",資金流入半導體（南亞科／台積電） +1056.3 億，價格同向 100%；流出電腦及週邊（緯穎／光寶科） -32.9 億，價格同向 14%；主導法人為外資。
2026-09-18,外資,流出,1,電腦及週邊,-32.86,-10138.5,64,0.138,"緯穎(-960張)、光寶科(-2,996張)、華碩(-798張)",資金流入半導體（南亞科／台積電） +1056.3 億，價格同向 100%；流出電腦及週邊（緯穎／光寶科） -32.9 億，價格同向 14%；主導法人為外資。
2026-09-18,外資,流出,2,光電,-31.49,-58470.7,64,0.264,"友達(-45,062張)、群創(-26,686張)、大立光(-164張)",資金流入半導體（南亞科／台積電） +1056.3 億，價格同向 100%；流出電腦及週邊（緯穎／光寶科） -32.9 億，價格同向 14%；主導法人為外資。
2026-09-18,外資,流出,3,金融保險,-30.31,-83833.3,31,0.861,"國泰金(-7,330張)、玉山金(-15,576張)、台新新光金(-10,952張)",資金流入半導體（南亞科／台積電） +1056.3 億，價格同向 100%；流出電腦及週邊（緯穎／光寶科） -32.9 億，價格同向 14%；主導法人為外資。
2026-09-21,外資,流入,1,半導體,215.21,-24259.3,96,0.999,"聯發科(+3,816張)、台積電(+4,039張)、日月光投控(+6,693張)",資金流入半導體（聯發科／台積電） +215.2 億，價格同向 100%；流出其他電子（鴻海／亞翔） -19.7 億，價格同向 96%；主導法人為外資。
2026-09-21,外資,流入,2,ETF／受益憑證,157.88,708571.0,244,0.983,"元大台灣50正2(+123,818張)、主動統一升級50(+299,475張)、主動統一台股增長(+68,169張)",資金流入半導體（聯發科／台積電） +215.2 億，價格同向 100%；流出其他電子（鴻海／亞翔） -19.7 億，價格同向 96%；主導法人為外資。
2026-09-21,外資,流入,3,光電,69.23,294904.2,68,0.999,"友達(+258,279張)、群創(+35,235張)、惠特(+2,592張)",資金流入半導體（聯發科／台積電） +215.2 億，價格同向 100%；流出其他電子（鴻海／亞翔） -19.7 億，價格同向 96%；主導法人為外資。
2026-09-21,外資,流出,1,其他電子,-19.68,-7385.0,46,0.959,"鴻海(-5,301張)、亞翔(-790張)、汎銓(-636張)",資金流入半導體（聯發科／台積電） +215.2 億，價格同向 100%；流出其他電子（鴻海／亞翔） -19.7 億，價格同向 96%；主導法人為外資。
2026-09-21,外資,流出,2,生技醫療,-9.57,-3743.3,57,0.951,"藥華藥(-638張)、保瑞(-512張)、康霈*(-1,768張)",資金流入半導體（聯發科／台積電） +215.2 億，價格同向 100%；流出其他電子（鴻海／亞翔） -19.7 億，價格同向 96%；主導法人為外資。
2026-09-21,外資,流出,3,電腦及週邊,-9.3,2377.4,63,0.639,緯穎(-440張)、華碩(-588張)、奇鋐(-135張),資金流入半導體（聯發科／台積電） +215.2 億，價格同向 100%；流出其他電子（鴻海／亞翔） -19.7 億，價格同向 96%；主導法人為外資。
2026-09-22,外資,流入,1,半導體,267.73,112612.7,96,0.942,"聯發科(+1,972張)、聯電(+60,104張)、景碩(+10,210張)",資金流入半導體（聯發科／聯電） +267.7 億，價格同向 94%；流出電腦及週邊（緯創／仁寶） -87.9 億，價格同向 100%；主導法人為外資。
2026-09-22,外資,流入,2,電子零組件,240.92,41812.8,103,0.967,"南電(+5,982張)、欣興(+5,836張)、臻鼎-KY(+11,246張)",資金流入半導體（聯發科／聯電） +267.7 億，價格同向 94%；流出電腦及週邊（緯創／仁寶） -87.9 億，價格同向 100%；主導法人為外資。
2026-09-22,外資,流入,3,ETF／受益憑證,215.73,1327435.0,252,0.983,"主動統一台股增長(+147,972張)、主動統一升級50(+395,764張)、元大台灣50正2(+72,991張)",資金流入半導體（聯發科／聯電） +267.7 億，價格同向 94%；流出電腦及週邊（緯創／仁寶） -87.9 億，價格同向 100%；主導法人為外資。
2026-09-22,外資,流出,1,電腦及週邊,-87.94,-72668.5,64,0.997,"緯創(-36,167張)、仁寶(-19,530張)、奇鋐(-194張)",資金流入半導體（聯發科／聯電） +267.7 億，價格同向 94%；流出電腦及週邊（緯創／仁寶） -87.9 億，價格同向 100%；主導法人為外資。
2026-09-22,外資,流出,2,塑膠工業,-62.42,-54587.6,20,1.0,"南亞(-24,579張)、台塑(-5,179張)、中石化(-28,054張)",資金流入半導體（聯發科／聯電） +267.7 億，價格同向 94%；流出電腦及週邊（緯創／仁寶） -87.9 億，價格同向 100%；主導法人為外資。
2026-09-22,外資,流出,3,通信網路,-23.57,-8367.4,45,0.846,"全新(-3,370張)、智邦(-271張)、光聖(-235張)",資金流入半導體（聯發科／聯電） +267.7 億，價格同向 94%；流出電腦及週邊（緯創／仁寶） -87.9 億，價格同向 100%；主導法人為外資。
2026-09-23,外資,流入,1,半導體,419.33,58776.2,96,0.909,"台積電(+6,305張)、南亞科(+29,608張)、創意(+421張)",資金流入半導體（台積電／南亞科） +419.3 億，價格同向 91%；流出光電（友達／群創） -117.5 億，價格同向 99%；主導法人為外資。
2026-09-23,外資,流入,2,ETF／受益憑證,80.61,582791.3,250,0.984,"主動統一台股增長(+138,263張)、主動統一升級50(+261,646張)、元大台灣50正2(+33,767張)",資金流入半導體（台積電／南亞科） +419.3 億，價格同向 91%；流出光電（友達／群創） -117.5 億，價格同向 99%；主導法人為外資。
2026-09-23,外資,流入,3,其他電子,51.06,10890.1,46,0.968,"漢唐(+1,984張)、鴻海(+7,774張)、尖點(+638張)",資金流入半導體（台積電／南亞科） +419.3 億，價格同向 91%；流出光電（友達／群創） -117.5 億，價格同向 99%；主導法人為外資。
2026-09-23,外資,流出,1,光電,-117.48,-247656.4,66,0.988,"友達(-162,138張)、群創(-57,816張)、大立光(-314張)",資金流入半導體（台積電／南亞科） +419.3 億，價格同向 91%；流出光電（友達／群創） -117.5 億，價格同向 99%；主導法人為外資。
2026-09-23,外資,流出,2,電腦及週邊,-31.34,-25372.2,64,0.981,"緯創(-6,788張)、緯穎(-404張)、光寶科(-2,655張)",資金流入半導體（台積電／南亞科） +419.3 億，價格同向 91%；流出光電（友達／群創） -117.5 億，價格同向 99%；主導法人為外資。
2026-09-23,外資,流出,3,塑膠工業,-22.63,-593.7,20,1.0,"南亞(-9,270張)、台化(-2,802張)、台塑(-1,649張)",資金流入半導體（台積電／南亞科） +419.3 億，價格同向 91%；流出光電（友達／群創） -117.5 億，價格同向 99%；主導法人為外資。
2026-09-24,外資,流入,1,電子零組件,45.33,7388.7,101,0.906,"禾伸堂(+3,097張)、欣興(+1,814張)、南電(+1,526張)",資金流入電子零組件（禾伸堂／欣興） +45.3 億，價格同向 91%；流出半導體（台積電／南亞科） -317.9 億，價格同向 94%；主導法人為外資。
2026-09-24,外資,流入,2,塑膠工業,34.52,6003.7,20,0.998,"南亞(+14,240張)、台塑(+1,954張)、台化(+441張)",資金流入電子零組件（禾伸堂／欣興） +45.3 億，價格同向 91%；流出半導體（台積電／南亞科） -317.9 億，價格同向 94%；主導法人為外資。
2026-09-24,外資,流入,3,電機機械,7.01,1449.4,47,0.991,"大量(+920張)、中砂(+455張)、時碩工業(+2,898張)",資金流入電子零組件（禾伸堂／欣興） +45.3 億，價格同向 91%；流出半導體（台積電／南亞科） -317.9 億，價格同向 94%；主導法人為外資。
2026-09-24,外資,流出,1,半導體,-317.93,-132472.4,95,0.939,"台積電(-5,713張)、南亞科(-22,678張)、聯電(-44,181張)",資金流入電子零組件（禾伸堂／欣興） +45.3 億，價格同向 91%；流出半導體（台積電／南亞科） -317.9 億，價格同向 94%；主導法人為外資。
2026-09-24,外資,流出,2,ETF／受益憑證,-66.86,-100516.3,244,0.846,"元大台灣50(-20,885張)、群益台灣精選高息(-62,830張)、元大台灣50正2(-33,174張)",資金流入電子零組件（禾伸堂／欣興） +45.3 億，價格同向 91%；流出半導體（台積電／南亞科） -317.9 億，價格同向 94%；主導法人為外資。
2026-09-24,外資,流出,3,光電,-57.53,-101812.3,65,0.662,"友達(-77,901張)、大立光(-280張)、亞光(-3,168張)",資金流入電子零組件（禾伸堂／欣興） +45.3 億，價格同向 91%；流出半導體（台積電／南亞科） -317.9 億，價格同向 94%；主導法人為外資。
