台股日,美股時段,美股休市順延,費半,Nasdaq,TSM ADR,NVDA,VIX,US10Y,加權指數,外資買賣超,費半方向,加權方向,同向
2026-08-14,2026-08-13,,0.00456636684436007,0.008068869672887002,0.0031224428683409577,0.005399646274448999,14.630000114440918,4.640999794006348,-0.004573299250697717,453.51,up,down,否
2026-08-17,2026-08-14,,-0.003127022745062602,-0.002755999697154121,-0.009616911484063517,-0.0006213909798140627,14.25,4.696000099182129,0.001009800919036712,454.47,down,up,否
2026-08-18,2026-08-17,,0.01642501226301829,-0.0031519882969573976,0.010836155860323382,-0.0006662335798259811,15.1899995803833,4.723999977111816,-0.011962988638442718,-119.86,up,down,否
2026-08-19,2026-08-18,,-0.04980112820398541,-0.013330846929753393,-0.04074528971588709,-0.023421133026656604,15.84000015258789,4.705999851226807,-0.013006999983226172,-416.39,down,down,是
2026-08-20,2026-08-19,,-0.02119911119283202,0.001573958205488557,-0.0031929738335447766,-0.009920851370134876,14.890000343322754,4.6529998779296875,0.004794121560353627,73.18,down,up,否
2026-08-21,2026-08-20,,0.00526391628316536,-0.010023129442841672,0.009488227564018237,-0.003263428309640881,16.010000228881836,4.696000099182129,0.006466187768923754,283.05,up,up,是
2026-08-24,2026-08-21,,-0.005055026723009282,0.004346118737267535,0.0070913754976713594,-0.00982248016076015,15.130000114440918,4.73799991607666,-0.01021508574263963,-157.36,down,down,是
2026-08-25,2026-08-24,,-0.027017904218209376,-0.007649654635688119,-0.0210765409537218,-0.029061128249296964,15.850000381469727,4.703999996185303,0.009095596474892276,-7.87,down,up,否
2026-08-26,2026-08-25,,0.014432956728742896,0.006586223261910051,0.01777530632916058,0.021920603500928948,15.449999809265137,4.638999938964844,0.01468160124119261,366.13,up,up,是
2026-08-27,2026-08-26,,0.002002081045137327,-0.0008069029788043691,0.0006708003565807363,-0.015911754710582593,15.210000038146973,4.664000034332275,0.0031113211507437276,490.94,up,up,是
2026-08-28,2026-08-27,,0.023333397813776635,0.01573468258634536,0.023007458391132163,0.0873795275466771,14.510000228881836,4.671999931335449,0.007748304412681441,417.54,up,up,是
2026-08-31,2026-08-28,,-0.03471670312217734,-0.005234462058060774,-0.022887898569366127,-0.04574959589106331,14.430000305175781,4.71999979019165,-0.004381041387653526,-143.92,down,down,是
2026-09-01,2026-08-31,,0.005701097290303547,-0.0011941820851382179,-0.005269164943815574,0.014847141724795065,14.920000076293945,4.757999897003174,0.017781860096378655,267.08,up,up,是
2026-09-02,2026-09-01,,-0.021364403040969426,-0.010281074598708195,-0.0031782897547439903,-0.015128165397036097,16.34000015258789,4.796000003814697,-0.016699070815988166,-913.55,down,down,是
2026-09-03,2026-09-02,,0.004485906312683641,0.004523432543480643,0.0036231884057971175,0.03205482497444945,15.199999809265137,4.796000003814697,-0.006651399596921632,-481.46,up,down,否
2026-09-04,2026-09-03,,0.0011358672586370133,0.01396875590614055,0.003634199195246657,0.0180027325885872,14.319999694824219,4.76200008392334,0.015122228216616376,562.13,up,up,是
2026-09-07,2026-09-04,是,0.03374960353409717,-0.0028991174002219733,0.028536470630939004,0.00836070775935327,14.529999732971191,4.783999919891357,0.016651368076349597,883.08,up,up,是
2026-09-08,2026-09-04,是,0.03374960353409717,-0.0028991174002219733,0.028536470630939004,0.00836070775935327,15.300000190734863,4.783999919891357,-0.004658934667785989,132.69,up,down,否
2026-09-09,2026-09-08,,0.013004428927046563,-0.0032285852663127557,0.023524740042760506,-0.020098996659771884,15.720000267028809,4.806000232696533,0.0016469316504259138,209.24,up,up,是
2026-09-10,2026-09-09,,0.003655002526455897,-0.00636114088937989,-0.008291605121725554,-0.009125936284871128,16.459999084472656,4.836999893188477,-0.005147365511909283,-383.34,up,down,否
2026-09-11,2026-09-10,,-0.026581332352022535,-0.0065370403021639545,-0.016836610664497598,-0.023740321017854726,17.84000015258789,4.943999767303467,-0.016097829400587852,-892.7,down,down,是
2026-09-14,2026-09-11,,0.0180667305142308,0.009635804410131898,0.012172024086948507,-0.00032060507429509943,15.84000015258789,4.974999904632568,-0.006979128437139019,-369.64,up,down,否
2026-09-15,2026-09-14,,-0.058585903802647166,-0.005568248537587528,-0.03515368112835304,-0.03357912317427003,17.100000381469727,4.960999965667725,-0.0076539623204307135,-626.99,down,down,是
2026-09-16,2026-09-15,,0.003977038594171534,-0.007822372082609053,-0.010191166876634239,0.005735643802473378,17.200000762939453,4.995999813079834,0.007413732224543737,-179.8,up,up,是
2026-09-17,2026-09-16,,0.0063138322595461815,-0.00012087895235834978,0.009595169113481905,0.008153818836165172,17.709999084472656,5.00600004196167,0.009577110901242997,121.85,up,up,是
2026-09-18,2026-09-17,,0.031422409327808376,0.016932166379619584,0.03002012953240496,0.025432457207263504,15.4399995803833,4.947000026702881,0.01928685620463187,869.94,up,up,是
2026-09-21,2026-09-18,,0.027777099579571418,0.003945684550763495,0.010249624789697709,0.013358292985729214,14.8100004196167,4.998000144958496,0.011404863212221087,204.79,up,up,是
2026-09-22,2026-09-21,,0.042903269062733784,0.02260533125569797,0.024087240659042664,0.022990059441793553,14.869999885559082,4.9629998207092285,0.0017043582786169993,453.21,up,up,是
2026-09-23,2026-09-22,,0.02064239387362088,0.0045051636444291,0.015410848555100998,0.006552863938686704,14.210000038146973,4.9679999351501465,0.0074711031362440766,373.13,up,up,是
2026-09-24,2026-09-23,,-0.012257071828612576,-0.01131394341601677,-0.012013258132259397,-0.014680826154739757,15.180000305175781,5.113999843597412,-0.0027553460753294047,-329.65,down,down,是
