資料日,分頁,方向,名次,代號,名稱,主導法人,連續天數,連到視窗底,狀態,同向法人數,累計(張),參考價,約當金額(億),分數,起始日,迄日,ETF
2026-09-24,主導法人,連續買超,1,00971,野村美國研發龍頭,三大法人合計,93,,已中斷,1,31305.0,17.76,5.56,93.93,2026-03-31,2026-08-13,是
2026-09-24,主導法人,連續買超,2,00940,元大台灣價值高息,自營商,79,,持續中,2,596562.6,13.1,78.15,92.79,2026-06-04,2026-09-24,是
2026-09-24,主導法人,連續買超,3,00900,富邦特選高股息30,三大法人合計,63,,持續中,2,199309.9,19.53,38.93,76.63,2026-06-29,2026-09-24,是
2026-09-24,主導法人,連續買超,4,00932,兆豐永續高息等權,三大法人合計,68,,已中斷,1,90901.9,17.48,15.89,68.68,2026-04-01,2026-07-09,是
2026-09-24,主導法人,連續買超,5,00915,凱基優選高股息30,三大法人合計,64,是,已中斷,2,300509.9,33.0,99.17,67.64,2026-03-24,2026-06-25,是
2026-09-24,主導法人,連續買超,6,00965,元大航太防衛科技,三大法人合計,58,,已中斷,2,169202.0,25.45,43.06,61.58,2026-04-01,2026-06-25,是
2026-09-24,主導法人,連續買超,7,00713,元大台灣高息低波,三大法人合計,59,是,已中斷,1,464724.1,63.2,293.71,59.59,2026-03-24,2026-06-17,是
2026-09-24,主導法人,連續買超,8,00983A,主動中信ARK創新,三大法人合計,57,,已中斷,1,149843.1,13.22,19.81,57.57,2026-05-04,2026-07-23,是
2026-09-24,主導法人,連續買超,9,00939,統一台灣高息動能,三大法人合計,56,,已中斷,1,279675.8,24.13,67.49,56.56,2026-04-01,2026-06-23,是
2026-09-24,主導法人,連續買超,10,00717,富邦美國特別股,三大法人合計,52,,已中斷,2,12672.8,14.54,1.84,55.52,2026-04-08,2026-06-22,是
2026-09-24,主導法人,連續買超,11,00909,國泰數位支付服務,三大法人合計,51,,已中斷,1,96719.5,51.2,49.52,51.51,2026-04-20,2026-07-01,是
2026-09-24,主導法人,連續買超,12,00944,野村趨勢動能高息,三大法人合計,46,,已中斷,2,14295.2,22.0,3.14,49.46,2026-04-01,2026-06-08,是
2026-09-24,主導法人,連續買超,13,2884,玉山金,投信,36,,持續中,2,182799.1,45.6,83.36,49.36,2026-08-06,2026-09-24,
2026-09-24,主導法人,連續買超,14,00936,台新永續高息中小,三大法人合計,43,,已中斷,2,167225.2,21.41,35.8,46.43,2026-04-01,2026-06-03,是
2026-09-24,主導法人,連續買超,15,00898,國泰基因免疫革命,三大法人合計,43,,已中斷,2,33805.8,11.49,3.88,46.43,2026-06-30,2026-08-28,是
2026-09-24,主導法人,連續買超,16,009801,中信美國創新科技,三大法人合計,45,,已中斷,1,35981.6,11.64,4.19,45.45,2026-04-07,2026-06-09,是
2026-09-24,主導法人,連續買超,17,00701,國泰股利精選30,三大法人合計,45,,已中斷,1,18781.7,41.6,7.81,45.45,2026-04-14,2026-06-16,是
2026-09-24,主導法人,連續買超,18,00731,復華富時高息低波,三大法人合計,45,,已中斷,1,6365.6,98.05,6.24,45.45,2026-04-14,2026-06-16,是
2026-09-24,主導法人,連續買超,19,00916,國泰全球品牌50,三大法人合計,41,,已中斷,2,39366.9,26.99,10.63,44.41,2026-06-24,2026-08-20,是
2026-09-24,主導法人,連續買超,20,009813,貝萊德標普卓越50,三大法人合計,43,,已中斷,1,53125.7,11.49,6.1,43.43,2026-06-22,2026-08-20,是
2026-09-24,主導法人,連續賣超,1,00984D,主動聯博全球非投,自營商,63,,已中斷,1,-746163.2,9.84,-73.42,63.63,2026-06-12,2026-09-10,是
2026-09-24,主導法人,連續賣超,2,6005,群益證,投信,52,,已中斷,1,-146008.4,32.0,-46.72,52.52,2026-05-11,2026-07-23,
2026-09-24,主導法人,連續賣超,3,00865B,國泰US短期公債,自營商,46,,已中斷,2,-54936.1,48.94,-26.89,49.46,2026-07-21,2026-09-22,是
2026-09-24,主導法人,連續賣超,4,3596,智易,三大法人合計,36,,持續中,2,-20333.0,153.5,-31.21,49.36,2026-08-06,2026-09-24,
2026-09-24,主導法人,連續賣超,5,9904,寶成,三大法人合計,43,,已中斷,3,-249626.2,24.95,-62.28,46.43,2026-04-09,2026-06-09,
2026-09-24,主導法人,連續賣超,6,1215,卜蜂,外資,43,是,已中斷,3,-20313.1,105.5,-21.43,46.43,2026-03-24,2026-05-26,
2026-09-24,主導法人,連續賣超,7,9907,統一實,外資,42,,已中斷,2,-62654.3,14.85,-9.3,45.42,2026-04-08,2026-06-05,
2026-09-24,主導法人,連續賣超,8,2324,仁寶,投信,39,,已中斷,1,-298169.0,36.5,-108.83,39.39,2026-04-08,2026-06-02,
2026-09-24,主導法人,連續賣超,9,2504,國產,投信,39,,已中斷,1,-5468.2,30.9,-1.69,39.39,2026-04-02,2026-05-29,
2026-09-24,主導法人,連續賣超,10,00646,元大S&P500,自營商,26,,持續中,2,-47098.0,77.15,-36.34,39.26,2026-08-20,2026-09-24,是
2026-09-24,主導法人,連續賣超,11,8422,可寧衛*,投信,35,,已中斷,3,-35993.0,25.55,-9.2,38.35,2026-04-23,2026-06-11,
2026-09-24,主導法人,連續賣超,12,00712,復華富時不動產,三大法人合計,25,,持續中,2,-1217013.0,7.82,-95.17,38.25,2026-08-21,2026-09-24,是
2026-09-24,主導法人,連續賣超,13,4137,麗豐-KY,外資,25,,持續中,2,-1525.5,76.2,-1.16,38.25,2026-08-21,2026-09-24,
2026-09-24,主導法人,連續賣超,14,6176,瑞儀,投信,34,,已中斷,2,-75922.9,91.8,-69.7,37.34,2026-05-25,2026-07-13,
2026-09-24,主導法人,連續賣超,15,009826,貝萊德世界股票,自營商,36,,已中斷,1,-502545.9,10.06,-50.56,36.36,2026-08-03,2026-09-21,是
2026-09-24,主導法人,連續賣超,16,8112,至上,外資,23,,持續中,2,-55214.4,83.5,-46.1,36.23,2026-08-25,2026-09-24,
2026-09-24,主導法人,連續賣超,17,9914,美利達,三大法人合計,22,,持續中,2,-9109.6,66.7,-6.08,35.22,2026-08-26,2026-09-24,
2026-09-24,主導法人,連續賣超,18,00961,FT臺灣永續高息,自營商,34,,已中斷,1,-247706.2,13.2,-32.7,34.34,2026-06-01,2026-07-20,是
2026-09-24,主導法人,連續賣超,19,2731,雄獅,外資,33,,已中斷,1,-12378.1,144.0,-17.82,33.33,2026-04-08,2026-05-25,
2026-09-24,主導法人,連續賣超,20,1537,廣隆,三大法人合計,32,,已中斷,1,-1112.4,115.0,-1.28,32.32,2026-08-03,2026-09-15,
2026-09-24,外資,連續買超,1,00763U,期街口道瓊銅,外資,36,,已中斷,1,5057.8,35.31,1.79,36.36,2026-03-25,2026-05-18,是
2026-09-24,外資,連續買超,2,00900,富邦特選高股息30,外資,31,,已中斷,2,43006.6,19.53,8.4,34.31,2026-08-03,2026-09-14,是
2026-09-24,外資,連續買超,3,00717,富邦美國特別股,外資,28,,已中斷,2,8240.0,14.54,1.2,31.28,2026-04-07,2026-05-15,是
2026-09-24,外資,連續買超,4,2412,中華電,外資,18,,持續中,2,96401.9,145.0,139.78,31.18,2026-09-01,2026-09-24,
2026-09-24,外資,連續買超,5,6414,樺漢,外資,29,,已中斷,1,17588.2,374.0,65.78,29.29,2026-06-16,2026-07-28,
2026-09-24,外資,連續買超,6,9919,康那香,外資,28,,已中斷,1,1284.2,13.85,0.18,28.28,2026-08-17,2026-09-23,
2026-09-24,外資,連續買超,7,2395,研華,外資,25,,已中斷,2,25048.8,722.0,180.85,28.25,2026-04-07,2026-05-12,
2026-09-24,外資,連續買超,8,3045,台灣大,外資,24,,已中斷,2,101883.2,122.5,124.81,27.24,2026-08-17,2026-09-17,
2026-09-24,外資,連續買超,9,00909,國泰數位支付服務,外資,26,,已中斷,1,26766.5,51.2,13.7,26.26,2026-05-04,2026-06-08,是
2026-09-24,外資,連續買超,10,2618,長榮航,外資,23,,已中斷,3,538404.2,42.0,226.13,26.23,2026-07-07,2026-08-07,
2026-09-24,外資,連續買超,11,3037,欣興,外資,23,,已中斷,2,75661.2,1185.0,896.59,26.23,2026-08-10,2026-09-09,
2026-09-24,外資,連續買超,12,009813,貝萊德標普卓越50,外資,23,,已中斷,2,33849.2,11.49,3.89,26.23,2026-04-07,2026-05-08,是
2026-09-24,外資,連續買超,13,3023,信邦,外資,23,,已中斷,2,15839.0,311.0,49.26,26.23,2026-04-02,2026-05-07,
2026-09-24,外資,連續買超,14,6526,達發,外資,13,,持續中,3,5456.3,840.0,45.83,26.13,2026-09-08,2026-09-24,
2026-09-24,外資,連續買超,15,1402,遠東新,外資,22,,已中斷,3,197359.9,28.15,55.56,25.22,2026-07-14,2026-08-12,
2026-09-24,外資,連續買超,16,2867,三商壽,外資,17,,待確認,2,117673.3,,,25.17,2026-05-29,2026-06-23,
2026-09-24,外資,連續買超,17,3034,聯詠,外資,24,,已中斷,1,29959.5,543.0,162.68,24.24,2026-07-13,2026-08-13,
2026-09-24,外資,連續買超,18,1216,統一,外資,23,,已中斷,1,184363.8,74.5,137.35,23.23,2026-07-28,2026-08-27,
2026-09-24,外資,連續買超,19,3702,大聯大,外資,23,,已中斷,1,96822.2,117.5,113.77,23.23,2026-04-02,2026-05-07,
2026-09-24,外資,連續買超,20,4572,駐龍,外資,23,,已中斷,1,252.6,139.5,0.35,23.23,2026-04-07,2026-05-08,
2026-09-24,外資,連續賣超,1,1215,卜蜂,外資,43,是,已中斷,3,-20313.1,105.5,-21.43,46.43,2026-03-24,2026-05-26,
2026-09-24,外資,連續賣超,2,9907,統一實,外資,42,,已中斷,2,-62654.3,14.85,-9.3,45.42,2026-04-08,2026-06-05,
2026-09-24,外資,連續賣超,3,9904,寶成,外資,36,,已中斷,3,-192510.9,24.95,-48.03,39.36,2026-04-09,2026-05-29,
2026-09-24,外資,連續賣超,4,4137,麗豐-KY,外資,25,,持續中,2,-1525.5,76.2,-1.16,38.25,2026-08-21,2026-09-24,
2026-09-24,外資,連續賣超,5,8112,至上,外資,23,,持續中,2,-55214.4,83.5,-46.1,36.23,2026-08-25,2026-09-24,
2026-09-24,外資,連續賣超,6,2731,雄獅,外資,33,,已中斷,1,-12378.1,144.0,-17.82,33.33,2026-04-08,2026-05-25,
2026-09-24,外資,連續賣超,7,9938,百和,外資,30,,已中斷,1,-19291.1,38.05,-7.34,30.3,2026-03-25,2026-05-08,
2026-09-24,外資,連續賣超,8,3130,一零四,外資,29,,已中斷,1,-1327.3,208.5,-2.77,29.29,2026-06-16,2026-07-28,
2026-09-24,外資,連續賣超,9,5533,皇鼎,外資,29,,已中斷,1,-1249.3,13.9,-0.17,29.29,2026-08-10,2026-09-17,
2026-09-24,外資,連續賣超,10,3596,智易,外資,26,,已中斷,2,-18233.6,153.5,-27.99,29.26,2026-08-06,2026-09-10,
2026-09-24,外資,連續賣超,11,5388,中磊,外資,25,,已中斷,2,-48758.3,73.4,-35.79,28.25,2026-08-11,2026-09-14,
2026-09-24,外資,連續賣超,12,8996,高力,外資,25,,已中斷,3,-16481.8,1530.0,-252.17,28.25,2026-08-04,2026-09-07,
2026-09-24,外資,連續賣超,13,2812,台中銀,外資,24,,已中斷,3,-139297.3,19.0,-26.47,27.24,2026-04-13,2026-05-15,
2026-09-24,外資,連續賣超,14,3376,新日興,外資,14,,持續中,2,-16848.8,174.0,-29.32,27.14,2026-09-07,2026-09-24,
2026-09-24,外資,連續賣超,15,2359,所羅門,外資,14,,持續中,2,-3788.9,127.5,-4.83,27.14,2026-09-07,2026-09-24,
2026-09-24,外資,連續賣超,16,2439,美律,外資,23,,已中斷,2,-9639.1,78.2,-7.54,26.23,2026-07-07,2026-08-07,
2026-09-24,外資,連續賣超,17,1612,宏泰,外資,23,,已中斷,2,-7206.9,35.05,-2.53,26.23,2026-07-07,2026-08-07,
2026-09-24,外資,連續賣超,18,5871,中租-KY,外資,22,,已中斷,2,-74969.3,107.0,-80.22,25.22,2026-05-20,2026-06-18,
2026-09-24,外資,連續賣超,19,2424,隴華,外資,15,,持續中,1,-94.0,8.2,-0.01,25.15,2026-09-04,2026-09-24,
2026-09-24,外資,連續賣超,20,6949,沛爾生醫*-創,外資,12,,持續中,2,-12143.7,50.3,-6.11,25.12,2026-09-09,2026-09-24,
2026-09-24,投信,連續買超,1,2884,玉山金,投信,36,,持續中,2,182799.1,45.6,83.36,49.36,2026-08-06,2026-09-24,
2026-09-24,投信,連續買超,2,2382,廣達,投信,38,,已中斷,1,332712.2,338.5,1126.23,38.38,2026-05-21,2026-07-15,
2026-09-24,投信,連續買超,3,2377,微星,投信,32,,已中斷,1,46918.0,151.5,71.08,32.32,2026-05-28,2026-07-14,
2026-09-24,投信,連續買超,4,9910,豐泰,投信,19,,持續中,2,2659.3,69.4,1.85,32.19,2026-08-31,2026-09-24,
2026-09-24,投信,連續買超,5,1216,統一,投信,28,,已中斷,3,90995.0,74.5,67.79,31.28,2026-06-18,2026-07-29,
2026-09-24,投信,連續買超,6,2542,興富發,投信,28,,已中斷,3,51770.1,39.5,20.45,31.28,2026-06-18,2026-07-29,
2026-09-24,投信,連續買超,7,1303,南亞,投信,25,,已中斷,2,280237.4,238.0,666.96,28.25,2026-06-18,2026-07-24,
2026-09-24,投信,連續買超,8,3026,禾伸堂,投信,15,,持續中,3,4320.8,810.0,35.0,28.15,2026-09-04,2026-09-24,
2026-09-24,投信,連續買超,9,2886,兆豐金,投信,24,,已中斷,2,117383.1,49.6,58.22,27.24,2026-07-17,2026-08-19,
2026-09-24,投信,連續買超,10,2633,台灣高鐵,投信,24,,已中斷,3,92299.8,25.55,23.58,27.24,2026-06-11,2026-07-16,
2026-09-24,投信,連續買超,11,5434,崇越,投信,23,,已中斷,2,8548.8,542.0,46.33,26.23,2026-06-26,2026-07-29,
2026-09-24,投信,連續買超,12,6526,達發,投信,23,,已中斷,2,768.3,840.0,6.45,26.23,2026-06-17,2026-07-21,
2026-09-24,投信,連續買超,13,8046,南電,投信,23,,已中斷,1,26138.8,1240.0,324.12,23.23,2026-06-23,2026-07-24,
2026-09-24,投信,連續買超,14,3596,智易,投信,20,,已中斷,3,5569.9,153.5,8.55,23.2,2026-06-16,2026-07-15,
2026-09-24,投信,連續買超,15,1477,聚陽,投信,20,,已中斷,3,1285.1,191.0,2.45,23.2,2026-07-24,2026-08-20,
2026-09-24,投信,連續買超,16,0050,元大台灣50,投信,22,,已中斷,1,80587.0,112.4,90.58,22.22,2026-06-03,2026-07-03,是
2026-09-24,投信,連續買超,17,1210,大成,投信,19,,已中斷,2,47754.0,51.9,24.78,22.19,2026-06-02,2026-06-29,
2026-09-24,投信,連續買超,18,6805,富世達,投信,19,,已中斷,2,8884.9,2530.0,224.79,22.19,2026-08-04,2026-08-28,
2026-09-24,投信,連續買超,19,8996,高力,投信,19,,已中斷,2,8148.1,1530.0,124.67,22.19,2026-08-04,2026-08-28,
2026-09-24,投信,連續買超,20,2892,第一金,投信,18,,已中斷,2,66480.7,39.5,26.26,21.18,2026-07-16,2026-08-10,
2026-09-24,投信,連續賣超,1,6005,群益證,投信,52,,已中斷,1,-146008.4,32.0,-46.72,52.52,2026-05-11,2026-07-23,
2026-09-24,投信,連續賣超,2,2324,仁寶,投信,39,,已中斷,1,-298169.0,36.5,-108.83,39.39,2026-04-08,2026-06-02,
2026-09-24,投信,連續賣超,3,2504,國產,投信,39,,已中斷,1,-5468.2,30.9,-1.69,39.39,2026-04-02,2026-05-29,
2026-09-24,投信,連續賣超,4,8422,可寧衛*,投信,35,,已中斷,3,-35993.0,25.55,-9.2,38.35,2026-04-23,2026-06-11,
2026-09-24,投信,連續賣超,5,6176,瑞儀,投信,34,,已中斷,2,-75922.9,91.8,-69.7,37.34,2026-05-25,2026-07-13,
2026-09-24,投信,連續賣超,6,9904,寶成,投信,32,,已中斷,1,-30624.6,24.95,-7.64,32.32,2026-04-27,2026-06-10,
2026-09-24,投信,連續賣超,7,2353,宏碁,投信,27,,已中斷,2,-37205.5,31.75,-11.81,30.27,2026-04-24,2026-06-02,
2026-09-24,投信,連續賣超,8,5871,中租-KY,投信,29,,已中斷,1,-18654.8,107.0,-19.96,29.29,2026-04-08,2026-05-19,
2026-09-24,投信,連續賣超,9,2887,台新新光金,投信,26,,已中斷,2,-709732.2,42.5,-301.64,29.26,2026-04-14,2026-05-20,
2026-09-24,投信,連續賣超,10,2439,美律,投信,26,,已中斷,3,-8072.4,78.2,-6.31,29.26,2026-04-02,2026-05-12,
2026-09-24,投信,連續賣超,11,2645,長榮航太,投信,26,,已中斷,2,-1347.0,172.0,-2.32,29.26,2026-04-14,2026-05-20,
2026-09-24,投信,連續賣超,12,1102,亞泥,投信,24,,已中斷,3,-32265.8,35.7,-11.52,27.24,2026-04-14,2026-05-18,
2026-09-24,投信,連續賣超,13,2105,正新,投信,24,,已中斷,2,-8375.1,30.1,-2.52,27.24,2026-04-27,2026-05-29,
2026-09-24,投信,連續賣超,14,2881,富邦金,投信,26,,已中斷,1,-130003.9,150.0,-195.01,26.26,2026-04-13,2026-05-19,
2026-09-24,投信,連續賣超,15,3005,神基,投信,26,,已中斷,1,-13438.5,116.5,-15.66,26.26,2026-05-06,2026-06-10,
2026-09-24,投信,連續賣超,16,2006,東和鋼鐵,投信,26,,已中斷,1,-2752.7,87.8,-2.42,26.26,2026-05-06,2026-06-10,
2026-09-24,投信,連續賣超,17,2211,長榮鋼,投信,26,,已中斷,1,-1895.7,79.6,-1.51,26.26,2026-05-06,2026-06-10,
2026-09-24,投信,連續賣超,18,6189,豐藝,投信,26,,已中斷,1,-645.2,49.2,-0.32,26.26,2026-05-06,2026-06-10,
2026-09-24,投信,連續賣超,19,2474,可成,投信,23,,已中斷,3,-16158.9,206.5,-33.37,26.23,2026-04-02,2026-05-07,
2026-09-24,投信,連續賣超,20,2615,萬海,投信,23,,已中斷,3,-4586.9,115.5,-5.3,26.23,2026-04-14,2026-05-15,
2026-09-24,自營商,連續買超,1,00940,元大台灣價值高息,自營商,79,,持續中,2,596562.6,13.1,78.15,92.79,2026-06-04,2026-09-24,是
2026-09-24,自營商,連續買超,2,00932,兆豐永續高息等權,自營商,64,,已中斷,1,84266.0,17.48,14.73,64.64,2026-03-25,2026-06-26,是
2026-09-24,自營商,連續買超,3,00983A,主動中信ARK創新,自營商,55,,已中斷,1,87608.7,13.22,11.58,55.55,2026-05-05,2026-07-22,是
2026-09-24,自營商,連續買超,4,00713,元大台灣高息低波,自營商,53,,已中斷,1,414600.9,63.2,262.03,53.53,2026-04-01,2026-06-17,是
2026-09-24,自營商,連續買超,5,00900,富邦特選高股息30,自營商,47,,已中斷,2,266588.5,19.53,52.06,50.47,2026-04-01,2026-06-09,是
2026-09-24,自營商,連續買超,6,00921,兆豐龍頭等權重,自營商,42,,已中斷,1,12632.5,23.45,2.96,42.42,2026-04-07,2026-06-04,是
2026-09-24,自營商,連續買超,7,00965,元大航太防衛科技,自營商,41,,已中斷,1,57117.9,25.45,14.54,41.41,2026-05-20,2026-07-17,是
2026-09-24,自營商,連續買超,8,00918,大華優利高填息30,自營商,38,,已中斷,2,568676.6,33.98,193.24,41.38,2026-04-07,2026-05-29,是
2026-09-24,自營商,連續買超,9,00939,統一台灣高息動能,自營商,38,,已中斷,2,165374.2,24.13,39.9,41.38,2026-03-31,2026-05-26,是
2026-09-24,自營商,連續買超,10,00916,國泰全球品牌50,自營商,38,,已中斷,2,29494.1,26.99,7.96,41.38,2026-06-24,2026-08-17,是
2026-09-24,自營商,連續買超,11,00936,台新永續高息中小,自營商,37,,已中斷,2,114152.4,21.41,24.44,40.37,2026-04-08,2026-05-29,是
2026-09-24,自營商,連續買超,12,00680L,元大美債20正2,自營商,39,,已中斷,1,493374.6,6.12,30.19,39.39,2026-05-06,2026-06-30,是
2026-09-24,自營商,連續買超,13,00915,凱基優選高股息30,自營商,38,是,已中斷,1,167975.5,33.0,55.43,38.38,2026-03-24,2026-05-19,是
2026-09-24,自營商,連續買超,14,00960,野村全球航運龍頭,自營商,38,,已中斷,1,12210.9,22.02,2.69,38.38,2026-04-14,2026-06-05,是
2026-09-24,自營商,連續買超,15,009813,貝萊德標普卓越50,自營商,34,,已中斷,2,39088.5,11.49,4.49,37.34,2026-06-26,2026-08-13,是
2026-09-24,自營商,連續買超,16,009820,元大納斯達克精選,自營商,36,,已中斷,1,461874.1,10.41,48.08,36.36,2026-05-04,2026-06-23,是
2026-09-24,自營商,連續買超,17,009818,華南永昌NASDAQxT,自營商,35,,已中斷,1,5648.2,21.04,1.19,35.35,2026-07-27,2026-09-11,是
2026-09-24,自營商,連續買超,18,0056,元大高股息,自營商,30,,已中斷,2,428719.0,56.65,242.87,33.3,2026-04-24,2026-06-05,是
2026-09-24,自營商,連續買超,19,00688L,國泰20年美債正2,自營商,30,,已中斷,2,162569.5,6.09,9.9,33.3,2026-05-19,2026-06-30,是
2026-09-24,自營商,連續買超,20,00757,統一FANG+,自營商,30,,已中斷,2,27808.7,143.4,39.88,33.3,2026-04-02,2026-05-18,是
2026-09-24,自營商,連續賣超,1,00984D,主動聯博全球非投,自營商,63,,已中斷,1,-746163.2,9.84,-73.42,63.63,2026-06-12,2026-09-10,是
2026-09-24,自營商,連續賣超,2,00865B,國泰US短期公債,自營商,46,,已中斷,2,-54936.1,48.94,-26.89,49.46,2026-07-21,2026-09-22,是
2026-09-24,自營商,連續賣超,3,00646,元大S&P500,自營商,26,,持續中,2,-47098.0,77.15,-36.34,39.26,2026-08-20,2026-09-24,是
2026-09-24,自營商,連續賣超,4,009826,貝萊德世界股票,自營商,36,,已中斷,1,-502545.9,10.06,-50.56,36.36,2026-08-03,2026-09-21,是
2026-09-24,自營商,連續賣超,5,00961,FT臺灣永續高息,自營商,34,,已中斷,1,-247706.2,13.2,-32.7,34.34,2026-06-01,2026-07-20,是
2026-09-24,自營商,連續賣超,6,00988A,主動統一全球創新,自營商,29,,已中斷,2,-669087.8,16.91,-113.14,32.29,2026-04-08,2026-05-19,是
2026-09-24,自營商,連續賣超,7,00685L,群益臺灣加權正2,自營商,28,,已中斷,2,-48735.1,12.87,-6.27,31.28,2026-05-05,2026-06-11,是
2026-09-24,自營商,連續賣超,8,00913,兆豐台灣晶圓製造,自營商,28,,已中斷,2,-18370.7,52.3,-9.61,31.28,2026-06-17,2026-07-28,是
2026-09-24,自營商,連續賣超,9,00712,復華富時不動產,自營商,29,,已中斷,1,-470533.6,7.82,-36.8,29.29,2026-05-14,2026-06-24,是
2026-09-24,自營商,連續賣超,10,00929,復華台灣科技優息,自營商,26,,已中斷,2,-305359.8,29.18,-89.1,29.26,2026-07-02,2026-08-07,是
2026-09-24,自營商,連續賣超,11,1312,國喬,自營商,28,,已中斷,1,-8424.4,14.6,-1.23,28.28,2026-07-22,2026-08-28,
2026-09-24,自營商,連續賣超,12,00930,永豐ESG低碳高息,自營商,18,,持續中,1,-34122.2,23.88,-8.15,28.18,2026-09-01,2026-09-24,是
2026-09-24,自營商,連續賣超,13,00962,台新AI優息動能,自營商,17,,持續中,1,-56055.8,15.03,-8.43,27.17,2026-09-02,2026-09-24,是
2026-09-24,自營商,連續賣超,14,00923,群益台ESG低碳50,自營商,23,,已中斷,2,-117492.2,41.78,-49.09,26.23,2026-07-24,2026-08-25,是
2026-09-24,自營商,連續賣超,15,4967,十銓,自營商,23,,已中斷,2,-2004.0,272.5,-5.46,26.23,2026-04-28,2026-05-29,
2026-09-24,自營商,連續賣超,16,9904,寶成,自營商,22,,已中斷,2,-3168.5,24.95,-0.79,25.22,2026-04-30,2026-06-01,
2026-09-24,自營商,連續賣超,17,00689R,國泰20年美債反1,自營商,17,,待確認,2,-1277.9,23.34,-0.3,25.17,2026-05-18,2026-06-09,是
2026-09-24,自營商,連續賣超,18,00917,中信特選金融,自營商,12,,持續中,2,-5428.4,22.83,-1.24,25.12,2026-09-09,2026-09-24,是
2026-09-24,自營商,連續賣超,19,2338,光罩,自營商,24,,已中斷,1,-917.7,47.1,-0.43,24.24,2026-07-07,2026-08-10,
2026-09-24,自營商,連續賣超,20,1582,信錦,自營商,24,,已中斷,1,-732.9,70.0,-0.51,24.24,2026-07-01,2026-08-04,
2026-09-24,三大法人合計,連續買超,1,00971,野村美國研發龍頭,三大法人合計,93,,已中斷,1,31305.0,17.76,5.56,93.93,2026-03-31,2026-08-13,是
2026-09-24,三大法人合計,連續買超,2,00900,富邦特選高股息30,三大法人合計,63,,持續中,2,199309.9,19.53,38.93,76.63,2026-06-29,2026-09-24,是
2026-09-24,三大法人合計,連續買超,3,00932,兆豐永續高息等權,三大法人合計,68,,已中斷,1,90901.9,17.48,15.89,68.68,2026-04-01,2026-07-09,是
2026-09-24,三大法人合計,連續買超,4,00915,凱基優選高股息30,三大法人合計,64,是,已中斷,2,300509.9,33.0,99.17,67.64,2026-03-24,2026-06-25,是
2026-09-24,三大法人合計,連續買超,5,00965,元大航太防衛科技,三大法人合計,58,,已中斷,2,169202.0,25.45,43.06,61.58,2026-04-01,2026-06-25,是
2026-09-24,三大法人合計,連續買超,6,00713,元大台灣高息低波,三大法人合計,59,是,已中斷,1,464724.1,63.2,293.71,59.59,2026-03-24,2026-06-17,是
2026-09-24,三大法人合計,連續買超,7,00983A,主動中信ARK創新,三大法人合計,57,,已中斷,1,149843.1,13.22,19.81,57.57,2026-05-04,2026-07-23,是
2026-09-24,三大法人合計,連續買超,8,00939,統一台灣高息動能,三大法人合計,56,,已中斷,1,279675.8,24.13,67.49,56.56,2026-04-01,2026-06-23,是
2026-09-24,三大法人合計,連續買超,9,00940,元大台灣價值高息,三大法人合計,53,,已中斷,2,2651802.9,13.1,347.39,56.53,2026-04-07,2026-06-22,是
2026-09-24,三大法人合計,連續買超,10,00717,富邦美國特別股,三大法人合計,52,,已中斷,2,12672.8,14.54,1.84,55.52,2026-04-08,2026-06-22,是
2026-09-24,三大法人合計,連續買超,11,00909,國泰數位支付服務,三大法人合計,51,,已中斷,1,96719.5,51.2,49.52,51.51,2026-04-20,2026-07-01,是
2026-09-24,三大法人合計,連續買超,12,00944,野村趨勢動能高息,三大法人合計,46,,已中斷,2,14295.2,22.0,3.14,49.46,2026-04-01,2026-06-08,是
2026-09-24,三大法人合計,連續買超,13,00936,台新永續高息中小,三大法人合計,43,,已中斷,2,167225.2,21.41,35.8,46.43,2026-04-01,2026-06-03,是
2026-09-24,三大法人合計,連續買超,14,00898,國泰基因免疫革命,三大法人合計,43,,已中斷,2,33805.8,11.49,3.88,46.43,2026-06-30,2026-08-28,是
2026-09-24,三大法人合計,連續買超,15,009801,中信美國創新科技,三大法人合計,45,,已中斷,1,35981.6,11.64,4.19,45.45,2026-04-07,2026-06-09,是
2026-09-24,三大法人合計,連續買超,16,00701,國泰股利精選30,三大法人合計,45,,已中斷,1,18781.7,41.6,7.81,45.45,2026-04-14,2026-06-16,是
2026-09-24,三大法人合計,連續買超,17,00731,復華富時高息低波,三大法人合計,45,,已中斷,1,6365.6,98.05,6.24,45.45,2026-04-14,2026-06-16,是
2026-09-24,三大法人合計,連續買超,18,00916,國泰全球品牌50,三大法人合計,41,,已中斷,2,39366.9,26.99,10.63,44.41,2026-06-24,2026-08-20,是
2026-09-24,三大法人合計,連續買超,19,009813,貝萊德標普卓越50,三大法人合計,43,,已中斷,1,53125.7,11.49,6.1,43.43,2026-06-22,2026-08-20,是
2026-09-24,三大法人合計,連續買超,20,00918,大華優利高填息30,三大法人合計,38,,已中斷,2,782039.6,33.98,265.74,41.38,2026-04-07,2026-05-29,是
2026-09-24,三大法人合計,連續賣超,1,00984D,主動聯博全球非投,三大法人合計,63,,已中斷,1,-758484.9,9.84,-74.63,63.63,2026-06-12,2026-09-10,是
2026-09-24,三大法人合計,連續賣超,2,3596,智易,三大法人合計,36,,持續中,2,-20333.0,153.5,-31.21,49.36,2026-08-06,2026-09-24,
2026-09-24,三大法人合計,連續賣超,3,9904,寶成,三大法人合計,43,,已中斷,3,-249626.2,24.95,-62.28,46.43,2026-04-09,2026-06-09,
2026-09-24,三大法人合計,連續賣超,4,9907,統一實,三大法人合計,42,,已中斷,2,-64731.3,14.85,-9.61,45.42,2026-04-08,2026-06-05,
2026-09-24,三大法人合計,連續賣超,5,00646,元大S&P500,三大法人合計,26,,持續中,2,-44723.1,77.15,-34.5,39.26,2026-08-20,2026-09-24,是
2026-09-24,三大法人合計,連續賣超,6,00712,復華富時不動產,三大法人合計,25,,持續中,2,-1217013.0,7.82,-95.17,38.25,2026-08-21,2026-09-24,是
2026-09-24,三大法人合計,連續賣超,7,009826,貝萊德世界股票,三大法人合計,36,,已中斷,1,-505178.7,10.06,-50.82,36.36,2026-08-03,2026-09-21,是
2026-09-24,三大法人合計,連續賣超,8,8112,至上,三大法人合計,23,,持續中,2,-53146.4,83.5,-44.38,36.23,2026-08-25,2026-09-24,
2026-09-24,三大法人合計,連續賣超,9,1215,卜蜂,三大法人合計,35,是,已中斷,1,-16967.1,105.5,-17.9,35.35,2026-03-24,2026-05-14,
2026-09-24,三大法人合計,連續賣超,10,9914,美利達,三大法人合計,22,,持續中,2,-9109.6,66.7,-6.08,35.22,2026-08-26,2026-09-24,
2026-09-24,三大法人合計,連續賣超,11,00961,FT臺灣永續高息,三大法人合計,34,,已中斷,1,-255038.0,13.2,-33.67,34.34,2026-06-01,2026-07-20,是
2026-09-24,三大法人合計,連續賣超,12,1537,廣隆,三大法人合計,32,,已中斷,1,-1112.4,115.0,-1.28,32.32,2026-08-03,2026-09-15,
2026-09-24,三大法人合計,連續賣超,13,00985B,群益ESG投等債0-5,三大法人合計,22,,持續中,1,-103339.3,10.09,-10.43,32.22,2026-08-26,2026-09-24,是
2026-09-24,三大法人合計,連續賣超,14,6669,緯穎,三大法人合計,19,,持續中,2,-18880.9,2115.0,-399.33,32.19,2026-08-31,2026-09-24,
2026-09-24,三大法人合計,連續賣超,15,00865B,國泰US短期公債,三大法人合計,31,,已中斷,1,-43367.8,48.94,-21.22,31.31,2026-07-30,2026-09-10,是
2026-09-24,三大法人合計,連續賣超,16,00685L,群益臺灣加權正2,三大法人合計,28,,已中斷,2,-48665.3,12.87,-6.26,31.28,2026-05-05,2026-06-11,是
2026-09-24,三大法人合計,連續賣超,17,3130,一零四,三大法人合計,29,,已中斷,1,-1398.7,208.5,-2.92,29.29,2026-06-16,2026-07-28,
2026-09-24,三大法人合計,連續賣超,18,00935,野村臺灣新科技50,三大法人合計,26,,已中斷,3,-147717.2,61.65,-91.07,29.26,2026-05-07,2026-06-11,是
2026-09-24,三大法人合計,連續賣超,19,5388,中磊,三大法人合計,25,,已中斷,2,-49964.6,73.4,-36.67,28.25,2026-08-11,2026-09-14,
2026-09-24,三大法人合計,連續賣超,20,00963,中信全球高股息,三大法人合計,15,,持續中,2,-10049.5,12.63,-1.27,28.15,2026-09-04,2026-09-24,是
